Рейс,Авиакомпания,Задержка (мин),Количество пассажиров,День недели
FL582_1,Победа,26.5,203,Вс
FL585_2,Уральские_авиалинии,5.4,232,Ср
FL385_3,Уральские_авиалинии,10.0,134,Вс
FL229_4,S7,5.5,241,Ср
FL520_5,S7,7.4,120,Ср
FL525_6,Nordwind,13.5,149,Чт
FL482_7,S7,13.9,135,Чт
FL457_8,Победа,13.6,190,Пт
FL646_9,Nordwind,18.7,112,Чт
FL641_10,Уральские_авиалинии,8.6,196,Пн
FL869_11,S7,13.2,158,Чт
FL218_12,S7,1.2,72,Чт
FL469_13,Аэрофлот,1.4,65,Ср
FL415_14,Nordwind,0.4,202,Пт
FL754_15,Nordwind,21.8,60,Чт
FL205_16,Уральские_авиалинии,0.3,223,Вт
FL191_17,Аэрофлот,3.6,168,Чт
FL859_18,S7,16.6,192,Сб
FL474_19,Аэрофлот,14.8,293,Сб
FL308_20,S7,7.3,54,Пт
FL982_21,S7,25.6,251,Вс
FL813_22,S7,13.0,284,Вт
FL367_23,Nordwind,9.6,77,Пн
FL177_24,Победа,10.9,77,Вт
FL750_25,Аэрофлот,39.7,134,Вс
FL181_26,Nordwind,45.5,127,Ср
FL822_27,Nordwind,1.0,266,Чт
FL266_28,S7,1.1,115,Пт
FL363_29,Nordwind,9.5,83,Вс
FL143_30,Уральские_авиалинии,23.1,209,Пн
FL331_31,Победа,9.2,68,Вс
FL123_32,Победа,2.7,117,Пн
FL129_33,Аэрофлот,5.8,190,Пт
FL539_34,Победа,4.7,181,Ср
FL387_35,Победа,22.1,105,Пн
FL801_36,Победа,3.3,274,Сб
FL453_37,Победа,15.6,101,Сб
FL959_38,Nordwind,4.5,212,Ср
FL955_39,Победа,2.5,189,Пт
FL136_40,Nordwind,17.6,209,Пн
FL676_41,Уральские_авиалинии,16.0,129,Пн
FL487_42,S7,9.5,276,Пт
FL864_43,Nordwind,41.3,158,Вт
FL224_44,S7,6.4,254,Сб
FL745_45,Победа,3.2,215,Пт
FL243_46,S7,21.3,152,Пт
FL731_47,Уральские_авиалинии,16.2,92,Пн
FL943_48,S7,5.2,123,Пт
FL471_49,Победа,1.5,108,Чт
FL437_50,Nordwind,15.8,135,Вт
FL207_51,Уральские_авиалинии,10.4,70,Чт
FL489_52,Nordwind,30.3,183,Сб
FL134_53,Победа,35.1,253,Чт
FL409_54,Nordwind,5.7,232,Ср
FL471_55,Победа,0.3,245,Пт
FL172_56,S7,2.4,72,Ср
FL105_57,Победа,29.6,158,Вс
FL326_58,S7,9.6,170,Чт
FL208_59,Аэрофлот,16.3,153,Чт
FL361_60,S7,3.6,276,Вт
FL159_61,Аэрофлот,14.6,152,Ср
FL183_62,Аэрофлот,3.3,281,Вт
FL624_63,S7,9.6,139,Сб
FL498_64,Аэрофлот,7.4,228,Вс
FL863_65,Аэрофлот,13.5,154,Сб
FL692_66,S7,15.9,202,Вс
FL255_67,Победа,13.9,284,Сб
FL394_68,Nordwind,4.4,229,Вт
FL444_69,Победа,359.5,166,Вт
FL847_70,Аэрофлот,15.1,292,Вс
FL105_71,Победа,4.5,214,Сб
FL686_72,Победа,16.4,79,Ср
FL176_73,Победа,5.9,136,Сб
FL890_74,Победа,9.1,250,Вт
FL624_75,Nordwind,1.6,108,Вс
FL860_76,Аэрофлот,3.8,207,Вс
FL674_77,Аэрофлот,11.6,159,Вт
FL397_78,Победа,5.0,194,Вс
FL246_79,Аэрофлот,10.0,241,Сб
FL790_80,Уральские_авиалинии,2.9,288,Вс
FL694_81,Уральские_авиалинии,0.7,56,Вт
FL285_82,Аэрофлот,248.4,294,Сб
FL914_83,Аэрофлот,27.5,160,Пт
FL158_84,Nordwind,7.4,108,Чт
FL379_85,Победа,44.0,112,Вт
FL505_86,Победа,9.1,142,Вс
FL875_87,Nordwind,23.9,128,Ср
FL949_88,Победа,0.1,159,Пн
FL163_89,Аэрофлот,2.3,293,Пт
FL991_90,Победа,12.8,168,Вс
FL612_91,Уральские_авиалинии,25.5,261,Пн
FL830_92,S7,22.4,165,Вт
FL784_93,S7,42.2,234,Вс
FL541_94,Победа,0.7,91,Пт
FL498_95,Аэрофлот,17.1,181,Вс
FL510_96,Победа,5.7,279,Вт
FL783_97,Аэрофлот,2.4,158,Вт
FL327_98,S7,40.9,175,Пн
FL388_99,S7,2.6,60,Пт
FL359_100,S7,20.8,243,Вс
FL548_101,Аэрофлот,26.5,130,Вт
FL618_102,Уральские_авиалинии,26.2,206,Сб
FL806_103,Уральские_авиалинии,11.7,103,Пт
FL351_104,Nordwind,204.5,78,Вс
FL992_105,Nordwind,1.9,229,Сб
FL336_106,S7,29.7,279,Ср
FL393_107,Победа,0.9,56,Пт
FL556_108,Nordwind,4.1,180,Вт
FL655_109,Победа,213.8,172,Сб
FL418_110,Уральские_авиалинии,264.2,267,Ср
FL314_111,Победа,50.0,172,Ср
FL889_112,Победа,23.2,77,Сб
FL677_113,Nordwind,40.0,144,Вт
FL324_114,Победа,8.5,269,Сб
FL873_115,Аэрофлот,8.7,228,Пн
FL863_116,S7,39.3,228,Ср
FL844_117,Уральские_авиалинии,38.6,189,Вс
FL982_118,Победа,33.7,178,Пт
FL221_119,Nordwind,19.2,253,Ср
FL312_120,Аэрофлот,6.8,121,Вс
FL811_121,Аэрофлот,37.5,97,Ср
FL221_122,S7,14.0,142,Пт
FL937_123,Аэрофлот,9.1,184,Чт
FL401_124,Уральские_авиалинии,355.6,144,Пн
FL758_125,Победа,9.3,175,Пт
FL216_126,Аэрофлот,43.9,221,Сб
FL812_127,Уральские_авиалинии,19.3,273,Чт
FL559_128,Уральские_авиалинии,1.2,217,Сб
FL502_129,Уральские_авиалинии,23.0,285,Вс
FL489_130,S7,18.2,220,Пт
FL928_131,Nordwind,11.9,297,Ср
FL730_132,Уральские_авиалинии,1.3,181,Вс
FL905_133,Уральские_авиалинии,23.3,72,Вс
FL493_134,Nordwind,5.4,242,Вс
FL208_135,S7,27.9,54,Вт
FL225_136,Уральские_авиалинии,9.4,210,Пн
FL714_137,Уральские_авиалинии,7.1,181,Вс
FL421_138,S7,32.6,228,Чт
FL402_139,S7,27.9,285,Сб
FL509_140,Аэрофлот,7.0,149,Сб
FL804_141,Победа,15.2,240,Чт
FL433_142,Nordwind,1.3,214,Пт
FL364_143,Уральские_авиалинии,1.5,155,Пт
FL492_144,Победа,0.1,278,Вт
FL246_145,S7,0.7,296,Ср
FL723_146,Nordwind,0.1,246,Ср
FL755_147,S7,21.4,294,Ср
FL958_148,Уральские_авиалинии,30.1,213,Пн
FL132_149,Уральские_авиалинии,5.2,204,Вт
FL592_150,Победа,1.1,247,Пн
FL982_151,Уральские_авиалинии,25.4,243,Ср
FL708_152,Победа,33.5,208,Сб
FL186_153,Аэрофлот,4.3,199,Пт
FL169_154,Уральские_авиалинии,4.8,62,Чт
FL823_155,Победа,22.5,184,Пн
FL691_156,S7,10.9,188,Пт
FL710_157,Nordwind,3.6,152,Чт
FL896_158,S7,11.0,195,Чт
FL872_159,Nordwind,8.3,268,Пн
FL267_160,Аэрофлот,38.3,191,Сб
FL342_161,Nordwind,11.3,131,Вт
FL743_162,Nordwind,16.2,291,Чт
FL186_163,Nordwind,4.6,158,Вт
FL900_164,S7,5.9,215,Вс
FL345_165,S7,16.8,221,Вт
FL369_166,Победа,37.9,284,Сб
FL440_167,Аэрофлот,54.6,291,Вт
FL805_168,Уральские_авиалинии,292.5,168,Пн
FL765_169,Аэрофлот,22.3,210,Ср
FL272_170,Аэрофлот,5.6,159,Вт
FL361_171,Победа,6.8,165,Чт
FL597_172,Nordwind,8.4,265,Пн
FL226_173,Nordwind,26.8,123,Пт
FL614_174,Уральские_авиалинии,19.5,125,Вс
FL951_175,Уральские_авиалинии,3.6,156,Пн
FL572_176,S7,2.1,117,Сб
FL276_177,Nordwind,4.5,188,Сб
FL519_178,S7,6.4,127,Сб
FL105_179,S7,2.8,206,Пн
FL407_180,Уральские_авиалинии,3.8,157,Ср
FL636_181,Аэрофлот,3.4,283,Чт
FL721_182,Nordwind,32.1,94,Пт
FL845_183,Nordwind,43.7,170,Сб
FL178_184,Победа,6.3,93,Вт
FL183_185,S7,9.3,121,Вс
FL673_186,S7,4.2,142,Вт
FL850_187,Nordwind,19.7,298,Ср
FL892_188,Nordwind,25.4,269,Вт
FL194_189,Аэрофлот,10.8,118,Пн
FL880_190,S7,10.0,219,Пн
FL221_191,S7,10.3,103,Пн
FL751_192,Аэрофлот,11.9,222,Пн
FL328_193,Nordwind,15.8,253,Сб
FL976_194,S7,5.6,145,Сб
FL332_195,Аэрофлот,34.9,185,Пн
FL637_196,Аэрофлот,19.5,299,Пн
FL196_197,Уральские_авиалинии,47.5,101,Ср
FL325_198,S7,2.0,265,Пт
FL192_199,S7,25.4,225,Сб
FL674_200,S7,333.9,100,Вт
FL810_201,Победа,16.8,208,Вс
FL730_202,Победа,0.4,140,Вс
FL671_203,Аэрофлот,7.1,234,Ср
FL342_204,Уральские_авиалинии,1.9,149,Вт
FL580_205,S7,0.1,63,Сб
FL817_206,Уральские_авиалинии,11.1,118,Пн
FL137_207,Победа,0.2,81,Чт
FL251_208,Аэрофлот,33.3,225,Ср
FL460_209,Nordwind,3.2,192,Пн
FL310_210,Победа,6.8,133,Чт
FL793_211,Уральские_авиалинии,9.0,215,Вс
FL705_212,S7,10.7,160,Ср
FL101_213,Nordwind,45.7,68,Пн
FL637_214,Аэрофлот,33.9,180,Сб
FL804_215,Уральские_авиалинии,10.1,63,Чт
FL799_216,Победа,0.7,193,Пт
FL126_217,Аэрофлот,1.7,245,Вт
FL412_218,Победа,2.8,228,Вт
FL222_219,Nordwind,16.5,280,Пн
FL496_220,S7,2.8,179,Чт
FL318_221,Nordwind,12.4,212,Вт
FL891_222,S7,25.1,50,Сб
FL544_223,Победа,11.2,296,Пт
FL986_224,S7,7.6,257,Пн
FL707_225,Победа,0.4,281,Вт
FL945_226,Победа,34.5,153,Сб
FL605_227,Аэрофлот,8.0,81,Вс
FL985_228,S7,1.6,243,Чт
FL425_229,Nordwind,5.5,288,Вс
FL686_230,Nordwind,28.3,252,Пт
FL515_231,S7,20.1,151,Пт
FL934_232,Nordwind,325.7,66,Пт
FL270_233,Победа,4.4,193,Вс
FL674_234,S7,4.6,98,Чт
FL759_235,S7,0.3,294,Вт
FL483_236,Уральские_авиалинии,33.4,251,Пт
FL661_237,Аэрофлот,14.6,81,Вт
FL349_238,Победа,34.8,198,Пн
FL478_239,Уральские_авиалинии,7.9,118,Чт
FL791_240,S7,21.6,178,Пт
FL416_241,Уральские_авиалинии,3.0,253,Чт
FL115_242,Аэрофлот,9.3,232,Пн
FL729_243,Уральские_авиалинии,32.9,154,Сб
FL710_244,S7,17.8,184,Пн
FL847_245,Уральские_авиалинии,7.3,171,Вс
FL373_246,Победа,1.9,71,Вс
FL240_247,Nordwind,0.5,262,Пн
FL242_248,Аэрофлот,2.5,205,Пн
FL356_249,Аэрофлот,27.5,125,Ср
FL255_250,Аэрофлот,10.9,276,Чт
FL139_251,Уральские_авиалинии,346.6,256,Ср
FL231_252,S7,11.5,197,Пн
FL610_253,Уральские_авиалинии,17.8,240,Ср
FL245_254,Nordwind,10.0,175,Сб
FL592_255,Nordwind,44.4,89,Ср
FL445_256,Уральские_авиалинии,13.2,86,Пн
FL274_257,Nordwind,0.1,90,Пн
FL656_258,S7,24.2,282,Сб
FL814_259,Аэрофлот,29.2,272,Сб
FL518_260,S7,4.2,201,Пт
FL716_261,Уральские_авиалинии,39.5,95,Вт
FL436_262,Аэрофлот,29.3,222,Ср
FL944_263,S7,8.8,184,Вс
FL178_264,Аэрофлот,10.6,95,Пн
FL506_265,S7,11.3,296,Ср
FL365_266,S7,14.5,128,Вт
FL512_267,Уральские_авиалинии,19.7,257,Пт
FL196_268,Уральские_авиалинии,77.7,129,Ср
FL564_269,Уральские_авиалинии,19.0,289,Вс
FL225_270,S7,6.3,168,Сб
FL544_271,Nordwind,12.2,271,Сб
FL348_272,Уральские_авиалинии,61.9,127,Пт
FL739_273,S7,13.2,295,Вс
FL343_274,Аэрофлот,13.3,294,Вс
FL785_275,S7,15.9,281,Вт
FL619_276,Победа,5.7,70,Пн
FL177_277,Nordwind,3.6,105,Пн
FL991_278,Nordwind,0.0,168,Пн
FL265_279,Уральские_авиалинии,2.8,190,Пн
FL783_280,Уральские_авиалинии,1.4,77,Вт
FL582_281,Nordwind,1.9,134,Сб
FL460_282,Аэрофлот,7.2,167,Вт
FL361_283,Уральские_авиалинии,19.0,71,Сб
FL938_284,Уральские_авиалинии,4.2,167,Вт
FL812_285,Nordwind,7.8,113,Пн
FL778_286,Уральские_авиалинии,40.4,100,Пн
FL207_287,Победа,22.5,149,Пт
FL325_288,S7,3.8,125,Чт
FL837_289,Аэрофлот,1.0,131,Ср
FL834_290,Уральские_авиалинии,41.0,211,Вт
FL673_291,Уральские_авиалинии,2.1,238,Пт
FL533_292,Победа,2.2,272,Вт
FL932_293,Уральские_авиалинии,37.5,204,Вс
FL497_294,Победа,5.8,270,Сб
FL844_295,Победа,0.8,210,Вс
FL533_296,Уральские_авиалинии,2.9,199,Вт
FL854_297,Победа,30.6,58,Пн
FL142_298,Победа,2.5,119,Пт
FL276_299,Победа,22.9,109,Пт
FL900_300,Nordwind,3.0,184,Пн
FL761_301,Победа,8.4,60,Чт
FL309_302,Победа,27.8,204,Пн
FL633_303,Nordwind,4.6,173,Вт
FL241_304,Уральские_авиалинии,26.6,188,Пн
FL454_305,Аэрофлот,1.6,208,Пн
FL694_306,Победа,34.9,298,Вс
FL883_307,Победа,2.4,191,Пн
FL625_308,Аэрофлот,51.5,155,Вт
FL179_309,Аэрофлот,11.0,121,Чт
FL328_310,Аэрофлот,16.2,64,Сб
FL242_311,Аэрофлот,2.8,55,Ср
FL988_312,Победа,2.6,114,Вс
FL144_313,Уральские_авиалинии,6.5,276,Ср
FL665_314,S7,46.3,177,Ср
FL738_315,Nordwind,4.1,213,Ср
FL507_316,Аэрофлот,2.5,81,Пт
FL673_317,Nordwind,59.6,242,Вт
FL656_318,Уральские_авиалинии,27.6,68,Сб
FL198_319,Аэрофлот,16.6,120,Ср
FL445_320,Победа,12.5,169,Вт
FL551_321,S7,3.2,217,Вт
FL757_322,S7,21.4,126,Чт
FL620_323,Уральские_авиалинии,0.8,98,Чт
FL401_324,Уральские_авиалинии,18.5,102,Вт
FL145_325,Nordwind,30.2,292,Вс
FL114_326,Аэрофлот,7.1,219,Ср
FL492_327,S7,2.9,280,Вс
FL964_328,Победа,16.4,181,Ср
FL180_329,Победа,16.6,169,Пт
FL289_330,Nordwind,26.3,259,Пт
FL897_331,Победа,5.6,71,Ср
FL413_332,Уральские_авиалинии,11.5,186,Чт
FL874_333,Nordwind,1.4,247,Вс
FL726_334,S7,8.0,74,Пт
FL875_335,S7,12.9,61,Пт
FL390_336,Победа,36.7,225,Вс
FL635_337,Nordwind,0.4,176,Сб
FL861_338,Уральские_авиалинии,8.4,125,Пн
FL575_339,Аэрофлот,28.2,259,Ср
FL659_340,Уральские_авиалинии,19.8,222,Сб
FL720_341,Nordwind,10.4,208,Вс
FL171_342,Nordwind,7.6,73,Пн
FL462_343,Аэрофлот,7.2,62,Пт
FL943_344,Победа,2.7,288,Сб
FL714_345,S7,4.1,252,Вс
FL600_346,Аэрофлот,60.1,156,Чт
FL231_347,Nordwind,0.0,154,Ср
FL961_348,Уральские_авиалинии,31.0,226,Чт
FL407_349,Nordwind,32.5,143,Чт
FL550_350,Уральские_авиалинии,28.3,165,Вт
FL849_351,Уральские_авиалинии,1.7,163,Вс
FL318_352,Аэрофлот,13.5,185,Чт
FL337_353,Победа,38.0,218,Ср
FL642_354,Nordwind,0.7,226,Пн
FL213_355,Аэрофлот,7.7,286,Пн
FL311_356,Победа,13.9,141,Ср
FL841_357,Победа,0.9,131,Вт
FL829_358,S7,8.2,72,Вс
FL242_359,S7,8.3,190,Пт
FL692_360,Победа,39.1,147,Сб
FL692_361,S7,0.5,298,Вс
FL935_362,S7,30.4,83,Ср
FL580_363,Уральские_авиалинии,58.7,298,Ср
FL116_364,Аэрофлот,106.3,82,Пт
FL330_365,Аэрофлот,18.4,267,Ср
FL501_366,S7,19.5,218,Вт
FL232_367,Аэрофлот,13.7,85,Пт
FL498_368,Победа,6.1,68,Чт
FL517_369,Уральские_авиалинии,21.4,238,Чт
FL282_370,Nordwind,29.1,208,Чт
FL468_371,Уральские_авиалинии,20.6,268,Чт
FL335_372,Уральские_авиалинии,0.6,298,Вс
FL261_373,Nordwind,24.9,52,Сб
FL970_374,Уральские_авиалинии,4.3,135,Пн
FL873_375,Аэрофлот,9.1,246,Вт
FL984_376,Победа,1.1,89,Чт
FL951_377,Победа,14.6,208,Вс
FL719_378,Nordwind,25.3,131,Сб
FL907_379,Победа,33.0,184,Сб
FL489_380,Победа,6.7,213,Пт
FL673_381,S7,11.5,161,Вт
FL984_382,Уральские_авиалинии,15.3,250,Ср
FL188_383,Аэрофлот,9.3,70,Вс
FL902_384,Победа,23.6,255,Пн
FL595_385,Аэрофлот,0.1,233,Пт
FL779_386,Аэрофлот,185.9,186,Вс
FL695_387,S7,3.6,236,Вт
FL594_388,Аэрофлот,0.0,117,Вс
FL151_389,Победа,34.5,236,Вс
FL393_390,S7,3.0,108,Сб
FL142_391,Nordwind,3.3,243,Вс
FL359_392,Уральские_авиалинии,3.6,148,Сб
FL932_393,Nordwind,8.6,68,Пт
FL927_394,Nordwind,137.2,84,Ср
FL827_395,Победа,3.8,194,Ср
FL959_396,Победа,23.8,290,Вт
FL817_397,S7,45.3,219,Вс
FL413_398,Победа,6.6,167,Вс
FL208_399,Аэрофлот,6.5,252,Вт
FL388_400,Уральские_авиалинии,34.1,245,Сб
FL740_401,Аэрофлот,13.5,206,Ср
FL494_402,Nordwind,1.0,292,Вт
FL580_403,Аэрофлот,8.9,222,Ср
FL134_404,Nordwind,0.4,118,Чт
FL939_405,Nordwind,29.6,114,Вт
FL676_406,Уральские_авиалинии,5.7,293,Пн
FL557_407,Nordwind,2.9,105,Ср
FL525_408,Nordwind,2.2,234,Пн
FL950_409,Уральские_авиалинии,31.5,251,Сб
FL149_410,Nordwind,127.1,218,Вс
FL382_411,Nordwind,7.3,79,Сб
FL319_412,Nordwind,11.3,274,Чт
FL557_413,Аэрофлот,32.5,289,Вс
FL518_414,Аэрофлот,24.0,64,Ср
FL112_415,Уральские_авиалинии,18.1,178,Чт
FL374_416,Nordwind,1.7,183,Ср
FL606_417,Nordwind,4.5,200,Ср
FL372_418,Nordwind,1.0,143,Сб
FL931_419,Победа,17.2,118,Пт
FL346_420,S7,0.7,85,Пн
FL749_421,Nordwind,3.4,175,Пн
FL935_422,Nordwind,6.3,192,Сб
FL360_423,Nordwind,4.8,297,Чт
FL813_424,Победа,27.1,238,Чт
FL378_425,Уральские_авиалинии,10.9,236,Вс
FL672_426,Nordwind,46.9,53,Пн
FL371_427,Nordwind,5.3,176,Вс
FL347_428,Nordwind,36.8,123,Вт
FL332_429,S7,87.8,59,Ср
FL707_430,S7,2.8,187,Вт
FL685_431,Nordwind,8.2,183,Пт
FL544_432,S7,28.0,202,Чт
FL993_433,Nordwind,74.8,216,Сб
FL959_434,Nordwind,15.3,216,Вс
FL208_435,Победа,7.1,169,Пт
FL683_436,S7,3.5,152,Вт
FL419_437,Аэрофлот,1.7,282,Вс
FL451_438,Уральские_авиалинии,18.5,97,Пн
FL538_439,S7,0.5,267,Вс
FL150_440,Уральские_авиалинии,2.3,127,Чт
FL900_441,Nordwind,2.8,65,Вс
FL138_442,Уральские_авиалинии,0.9,205,Вс
FL352_443,S7,19.5,131,Пт
FL994_444,S7,9.2,233,Ср
FL726_445,S7,0.6,189,Вт
FL684_446,Победа,4.0,131,Сб
FL363_447,Nordwind,3.3,223,Пн
FL266_448,Аэрофлот,0.7,142,Чт
FL282_449,Nordwind,35.7,72,Пн
FL348_450,Аэрофлот,30.3,198,Ср
FL393_451,Nordwind,44.0,63,Пт
FL498_452,Nordwind,1.2,160,Сб
FL862_453,Уральские_авиалинии,2.8,288,Пн
FL863_454,Уральские_авиалинии,5.2,170,Вт
FL888_455,Уральские_авиалинии,27.3,57,Ср
FL816_456,Уральские_авиалинии,12.6,184,Сб
FL561_457,S7,40.6,157,Ср
FL571_458,Победа,75.3,50,Вс
FL440_459,Nordwind,1.8,167,Ср
FL394_460,Победа,16.6,54,Пн
FL274_461,Аэрофлот,25.2,96,Чт
FL142_462,Аэрофлот,20.5,97,Пн
FL717_463,Победа,26.2,134,Сб
FL708_464,Nordwind,12.3,81,Пн
FL183_465,Уральские_авиалинии,14.1,123,Пн
FL855_466,Победа,79.1,138,Пт
FL482_467,Nordwind,8.0,183,Пт
FL559_468,S7,0.5,91,Ср
FL334_469,Победа,6.9,212,Чт
FL991_470,Аэрофлот,0.8,293,Вт
FL947_471,Nordwind,13.2,65,Вт
FL656_472,S7,12.7,211,Пт
FL950_473,S7,299.6,51,Сб
FL653_474,Уральские_авиалинии,13.2,245,Пт
FL260_475,Победа,12.8,60,Вс
FL521_476,Победа,42.0,124,Вс
FL269_477,Аэрофлот,10.2,156,Вс
FL769_478,Аэрофлот,15.5,117,Пт
FL744_479,S7,6.4,134,Чт
FL730_480,Nordwind,0.5,53,Вт
FL708_481,Nordwind,4.3,202,Сб
FL541_482,Победа,11.5,266,Вт
FL376_483,Победа,10.9,220,Ср
FL662_484,Аэрофлот,24.5,221,Чт
FL421_485,S7,7.9,221,Чт
FL633_486,S7,25.8,194,Чт
FL736_487,Победа,11.4,84,Вс
FL684_488,Nordwind,2.1,133,Сб
FL237_489,Победа,42.3,81,Пт
FL700_490,S7,10.7,263,Пн
FL819_491,Nordwind,23.7,98,Ср
FL582_492,S7,22.2,112,Вт
FL406_493,Победа,10.4,175,Сб
FL715_494,Аэрофлот,4.2,249,Вс
FL119_495,S7,4.7,79,Вс
FL842_496,Уральские_авиалинии,7.3,61,Ср
FL305_497,Nordwind,4.3,149,Вс
FL570_498,Уральские_авиалинии,34.7,190,Пн
FL417_499,Аэрофлот,14.9,134,Вт
FL673_500,Победа,25.2,63,Пн
FL960_501,S7,128.3,94,Вс
FL478_502,S7,4.6,117,Вт
FL527_503,Уральские_авиалинии,3.8,287,Сб
FL449_504,Победа,1.4,184,Пт
FL543_505,Nordwind,20.5,166,Пт
FL351_506,S7,15.7,185,Ср
FL464_507,Аэрофлот,6.7,58,Вс
FL998_508,Уральские_авиалинии,48.9,215,Ср
FL624_509,Уральские_авиалинии,56.1,288,Вт
FL629_510,Уральские_авиалинии,145.3,245,Вс
FL460_511,Уральские_авиалинии,4.2,207,Пт
FL643_512,Nordwind,21.0,67,Пн
FL525_513,Nordwind,4.3,296,Чт
FL441_514,S7,20.8,222,Чт
FL496_515,S7,4.8,179,Чт
FL586_516,Аэрофлот,291.5,297,Пт
FL529_517,S7,13.9,279,Пт
FL479_518,Победа,39.3,121,Вс
FL252_519,S7,0.2,121,Чт
FL631_520,S7,6.6,285,Сб
FL979_521,Уральские_авиалинии,3.0,149,Пт
FL719_522,S7,52.4,254,Чт
FL329_523,Nordwind,10.8,168,Пн
FL416_524,S7,66.3,278,Пн
FL714_525,Уральские_авиалинии,25.4,119,Вс
FL578_526,S7,23.9,54,Вс
FL986_527,Победа,7.3,82,Пн
FL858_528,Nordwind,2.7,279,Пн
FL881_529,Аэрофлот,19.6,256,Ср
FL873_530,Nordwind,8.0,117,Сб
FL294_531,Nordwind,5.3,241,Пт
FL898_532,S7,21.6,159,Чт
FL781_533,Победа,3.2,62,Вс
FL925_534,Nordwind,5.8,58,Сб
FL979_535,S7,13.4,97,Пн
FL417_536,Аэрофлот,255.2,267,Пн
FL661_537,S7,207.5,180,Ср
FL722_538,Уральские_авиалинии,9.4,228,Вс
FL753_539,Уральские_авиалинии,16.4,291,Вт
FL193_540,Победа,58.4,237,Пт
FL650_541,Nordwind,1.1,147,Ср
FL403_542,Уральские_авиалинии,6.5,166,Пт
FL242_543,S7,34.5,118,Вс
FL720_544,Победа,6.1,191,Сб
FL889_545,Аэрофлот,30.6,253,Ср
FL732_546,S7,15.7,153,Ср
FL212_547,Уральские_авиалинии,24.1,232,Чт
FL433_548,Победа,6.9,174,Сб
FL848_549,Аэрофлот,10.1,239,Вс
FL222_550,Победа,5.7,232,Пн
FL390_551,Победа,11.7,222,Вс
FL771_552,Nordwind,0.2,177,Сб
FL498_553,Уральские_авиалинии,5.6,60,Пн
FL333_554,Nordwind,3.3,93,Вт
FL203_555,Аэрофлот,202.5,139,Пн
FL975_556,S7,0.9,91,Пн
FL852_557,S7,22.1,179,Вт
FL835_558,Победа,3.0,169,Чт
FL495_559,Уральские_авиалинии,36.4,269,Пн
FL539_560,Победа,336.9,205,Вт
FL314_561,Уральские_авиалинии,14.5,235,Вс
FL123_562,Уральские_авиалинии,23.0,290,Пт
FL102_563,Аэрофлот,43.3,187,Ср
FL879_564,Уральские_авиалинии,6.2,82,Пн
FL659_565,Аэрофлот,9.1,183,Вс
FL648_566,Аэрофлот,3.7,214,Пт
FL271_567,Nordwind,10.3,252,Пн
FL901_568,Nordwind,8.4,239,Пт
FL355_569,S7,0.1,207,Чт
FL951_570,Победа,0.0,231,Ср
FL136_571,S7,10.4,281,Вс
FL598_572,Аэрофлот,2.9,57,Ср
FL472_573,Победа,0.6,200,Пн
FL871_574,S7,2.8,144,Сб
FL128_575,Nordwind,2.2,228,Вт
FL285_576,S7,9.8,106,Ср
FL901_577,S7,7.4,151,Ср
FL118_578,Nordwind,27.1,164,Чт
FL791_579,Победа,4.1,133,Ср
FL951_580,Уральские_авиалинии,15.0,248,Чт
FL113_581,Победа,1.2,231,Пн
FL930_582,Nordwind,29.7,202,Пн
FL862_583,Nordwind,5.9,213,Чт
FL455_584,Nordwind,27.2,220,Вт
FL124_585,Уральские_авиалинии,21.4,269,Чт
FL795_586,Уральские_авиалинии,5.9,264,Пт
FL851_587,Победа,2.9,238,Чт
FL814_588,Уральские_авиалинии,11.4,263,Чт
FL664_589,S7,14.8,107,Сб
FL576_590,S7,12.6,141,Ср
FL542_591,Аэрофлот,3.7,145,Вс
FL774_592,Nordwind,12.6,243,Сб
FL964_593,Аэрофлот,35.7,90,Пт
FL473_594,S7,26.5,51,Чт
FL462_595,Nordwind,3.3,261,Вт
FL140_596,Аэрофлот,14.8,222,Чт
FL184_597,S7,13.8,156,Вс
FL174_598,Уральские_авиалинии,2.5,179,Сб
FL713_599,Аэрофлот,29.2,108,Сб
FL109_600,Уральские_авиалинии,2.6,90,Чт
FL646_601,Уральские_авиалинии,2.9,122,Сб
FL383_602,Nordwind,10.2,271,Вс
FL503_603,S7,12.6,249,Вс
FL590_604,Уральские_авиалинии,1.1,212,Сб
FL625_605,Уральские_авиалинии,7.4,276,Пт
FL305_606,Nordwind,6.6,297,Сб
FL276_607,Nordwind,7.5,269,Вс
FL563_608,Nordwind,11.1,260,Пт
FL843_609,Уральские_авиалинии,11.9,138,Чт
FL424_610,Уральские_авиалинии,2.1,268,Вс
FL441_611,Аэрофлот,7.3,154,Вс
FL977_612,Победа,22.4,117,Ср
FL448_613,S7,21.8,67,Чт
FL327_614,Nordwind,12.7,161,Сб
FL682_615,Победа,8.7,73,Пн
FL220_616,Аэрофлот,21.8,63,Чт
FL697_617,Уральские_авиалинии,4.1,168,Вт
FL309_618,Уральские_авиалинии,4.7,193,Пн
FL429_619,Уральские_авиалинии,37.4,242,Пт
FL587_620,Nordwind,4.3,216,Вс
FL171_621,Уральские_авиалинии,8.4,126,Сб
FL592_622,Уральские_авиалинии,17.1,173,Ср
FL149_623,Аэрофлот,14.6,78,Вс
FL421_624,Аэрофлот,23.0,255,Пн
FL531_625,Победа,7.9,78,Сб
FL312_626,S7,75.2,150,Чт
FL928_627,Аэрофлот,15.4,155,Ср
FL888_628,Победа,13.1,90,Вт
FL429_629,Аэрофлот,6.1,156,Пт
FL444_630,Победа,8.7,213,Сб
FL788_631,S7,9.7,230,Вс
FL399_632,Nordwind,20.2,60,Ср
FL442_633,Победа,6.0,97,Ср
FL282_634,Аэрофлот,32.5,133,Сб
FL820_635,S7,0.6,187,Вс
FL707_636,Уральские_авиалинии,260.8,129,Пн
FL294_637,S7,6.5,50,Чт
FL876_638,Уральские_авиалинии,4.2,145,Пн
FL191_639,Победа,5.5,159,Чт
FL760_640,Аэрофлот,0.5,53,Чт
FL945_641,S7,15.3,299,Ср
FL681_642,Nordwind,12.0,252,Пн
FL664_643,S7,239.0,150,Сб
FL337_644,Победа,11.9,84,Сб
FL543_645,Nordwind,6.7,203,Ср
FL512_646,Уральские_авиалинии,6.7,192,Вс
FL854_647,Аэрофлот,26.5,126,Сб
FL525_648,Победа,28.9,250,Пт
FL570_649,Аэрофлот,13.0,195,Сб
FL241_650,S7,18.4,182,Пн
FL280_651,Уральские_авиалинии,10.6,92,Вс
FL969_652,Уральские_авиалинии,1.2,115,Вс
FL787_653,Уральские_авиалинии,7.1,288,Чт
FL431_654,Уральские_авиалинии,45.7,198,Сб
FL887_655,Аэрофлот,5.3,64,Вс
FL709_656,Победа,2.7,191,Сб
FL430_657,Уральские_авиалинии,11.4,180,Вс
FL701_658,S7,9.7,180,Чт
FL317_659,S7,1.4,88,Сб
FL695_660,Уральские_авиалинии,12.0,299,Пн
FL485_661,Победа,5.0,65,Вт
FL216_662,Победа,4.6,145,Вс
FL202_663,Уральские_авиалинии,22.2,62,Вт
FL764_664,Уральские_авиалинии,13.7,261,Пт
FL456_665,Победа,16.4,117,Пт
FL395_666,S7,13.0,154,Пн
FL947_667,Победа,10.5,291,Ср
FL342_668,Аэрофлот,0.9,191,Ср
FL371_669,Уральские_авиалинии,2.1,129,Пн
FL252_670,Nordwind,20.1,229,Сб
FL805_671,Nordwind,1.2,132,Сб
FL730_672,Аэрофлот,39.2,103,Чт
FL596_673,Победа,9.6,96,Вс
FL675_674,Уральские_авиалинии,0.0,220,Вт
FL624_675,Аэрофлот,10.0,289,Вс
FL551_676,Nordwind,1.9,243,Вс
FL277_677,S7,11.8,170,Ср
FL169_678,Аэрофлот,7.6,139,Сб
FL442_679,Nordwind,322.6,110,Пн
FL921_680,Уральские_авиалинии,54.3,247,Пн
FL415_681,Уральские_авиалинии,331.9,111,Вт
FL391_682,Победа,7.3,85,Сб
FL476_683,Уральские_авиалинии,14.3,140,Пт
FL558_684,Аэрофлот,27.3,296,Вт
FL907_685,Уральские_авиалинии,26.8,212,Вт
FL790_686,Уральские_авиалинии,0.5,109,Пт
FL701_687,Уральские_авиалинии,7.4,162,Ср
FL166_688,Победа,27.8,57,Пт
FL257_689,Аэрофлот,9.0,87,Пн
FL627_690,Победа,15.2,216,Пт
FL484_691,Аэрофлот,313.0,244,Пн
FL962_692,Аэрофлот,8.6,193,Вт
FL871_693,S7,10.3,92,Сб
FL137_694,S7,28.4,101,Сб
FL706_695,Уральские_авиалинии,282.7,94,Сб
FL998_696,S7,1.6,166,Сб
FL775_697,Аэрофлот,3.6,131,Вт
FL998_698,Победа,195.1,158,Чт
FL403_699,S7,272.4,174,Сб
FL637_700,Аэрофлот,4.7,58,Пт
FL663_701,Уральские_авиалинии,20.6,290,Вс
FL265_702,S7,22.3,104,Вс
FL766_703,Уральские_авиалинии,4.3,132,Сб
FL617_704,S7,290.4,278,Пн
FL975_705,Уральские_авиалинии,7.7,261,Вт
FL210_706,Nordwind,7.0,109,Вт
FL865_707,Уральские_авиалинии,5.8,183,Пт
FL787_708,Победа,122.0,143,Пн
FL137_709,Аэрофлот,3.5,50,Сб
FL567_710,Nordwind,5.7,243,Пт
FL660_711,S7,3.7,195,Ср
FL410_712,Nordwind,25.0,161,Сб
FL291_713,S7,4.1,200,Чт
FL279_714,Аэрофлот,10.4,247,Сб
FL909_715,Победа,13.3,221,Чт
FL662_716,Уральские_авиалинии,9.4,298,Вс
FL347_717,S7,23.8,219,Пн
FL719_718,Уральские_авиалинии,10.2,96,Чт
FL455_719,Аэрофлот,11.4,127,Вс
FL968_720,Уральские_авиалинии,29.7,69,Вс
FL144_721,Nordwind,8.5,51,Чт
FL984_722,Аэрофлот,0.2,151,Пт
FL464_723,Nordwind,13.2,253,Ср
FL121_724,Уральские_авиалинии,2.0,154,Пн
FL728_725,S7,20.5,134,Сб
FL148_726,Nordwind,32.5,263,Вс
FL225_727,Победа,3.8,236,Ср
FL732_728,Победа,21.7,211,Вт
FL487_729,Nordwind,11.1,97,Чт
FL594_730,Nordwind,36.0,241,Сб
FL415_731,Уральские_авиалинии,11.5,171,Чт
FL221_732,Nordwind,6.1,174,Вс
FL591_733,S7,12.3,160,Ср
FL560_734,Победа,3.7,161,Вс
FL213_735,Аэрофлот,27.5,108,Вт
FL185_736,Победа,26.1,79,Ср
FL888_737,Уральские_авиалинии,8.9,94,Пт
FL604_738,Аэрофлот,15.9,104,Пн
FL539_739,Победа,31.5,285,Вт
FL733_740,Уральские_авиалинии,5.8,250,Чт
FL634_741,Nordwind,8.4,239,Чт
FL313_742,Победа,16.6,262,Пт
FL746_743,Nordwind,5.1,64,Пн
FL609_744,S7,3.4,251,Пт
FL239_745,Уральские_авиалинии,5.7,201,Пт
FL597_746,Аэрофлот,5.2,204,Чт
FL826_747,Победа,25.1,240,Сб
FL465_748,Аэрофлот,19.4,61,Вт
FL467_749,Nordwind,5.2,268,Пт
FL818_750,Уральские_авиалинии,162.8,73,Пт
FL418_751,Победа,23.9,126,Чт
FL457_752,Аэрофлот,10.4,162,Пн
FL144_753,S7,33.1,75,Пн
FL389_754,Уральские_авиалинии,13.6,239,Пт
FL953_755,S7,49.4,244,Сб
FL101_756,S7,2.2,221,Ср
FL634_757,S7,28.9,80,Пт
FL632_758,S7,14.5,242,Ср
FL570_759,Аэрофлот,16.9,99,Пт
FL928_760,Nordwind,22.4,99,Вт
FL318_761,Аэрофлот,31.8,67,Вс
FL497_762,S7,1.5,140,Пн
FL899_763,Nordwind,9.5,155,Вс
FL855_764,Nordwind,8.0,161,Сб
FL769_765,Уральские_авиалинии,226.8,103,Вс
FL457_766,Nordwind,2.7,271,Чт
FL477_767,Уральские_авиалинии,8.5,164,Вс
FL822_768,Nordwind,31.6,83,Вс
FL884_769,Nordwind,9.2,282,Вт
FL655_770,Nordwind,31.3,129,Пт
FL843_771,Nordwind,0.7,154,Вт
FL247_772,Nordwind,2.9,148,Ср
FL972_773,Уральские_авиалинии,18.4,168,Вс
FL669_774,Уральские_авиалинии,0.5,210,Пн
FL450_775,S7,3.9,241,Вс
FL164_776,Победа,23.6,71,Вт
FL517_777,Аэрофлот,31.9,247,Чт
FL239_778,Победа,234.6,136,Пт
FL881_779,Победа,18.9,220,Сб
FL334_780,Nordwind,33.6,133,Ср
FL349_781,S7,12.6,263,Сб
FL786_782,Аэрофлот,41.4,159,Пт
FL990_783,Nordwind,32.0,236,Сб
FL132_784,Аэрофлот,8.5,136,Пн
FL813_785,S7,14.1,93,Чт
FL619_786,Уральские_авиалинии,57.7,252,Чт
FL241_787,S7,22.6,236,Пн
FL788_788,Nordwind,32.4,226,Пн
FL395_789,S7,12.7,124,Пт
FL390_790,Аэрофлот,2.5,146,Сб
FL855_791,S7,33.8,291,Сб
FL594_792,Уральские_авиалинии,0.9,174,Ср
FL269_793,Уральские_авиалинии,4.5,195,Пт
FL581_794,Уральские_авиалинии,229.6,292,Ср
FL917_795,Аэрофлот,1.3,288,Пн
FL673_796,S7,13.7,69,Вт
FL243_797,Победа,10.6,246,Чт
FL434_798,Аэрофлот,37.4,198,Сб
FL333_799,Победа,28.9,263,Чт
FL852_800,Аэрофлот,8.8,147,Ср
FL138_801,Nordwind,21.1,256,Ср
FL924_802,Nordwind,1.9,218,Чт
FL346_803,Nordwind,12.4,86,Вс
FL857_804,Уральские_авиалинии,7.5,73,Ср
FL835_805,Nordwind,51.5,251,Вт
FL456_806,Nordwind,354.5,73,Вт
FL229_807,S7,10.3,213,Пн
FL831_808,Аэрофлот,6.9,224,Чт
FL312_809,Победа,20.5,91,Сб
FL620_810,S7,16.0,174,Сб
FL340_811,S7,2.7,62,Пн
FL375_812,Уральские_авиалинии,42.1,122,Вс
FL869_813,Победа,241.2,120,Пн
FL968_814,Аэрофлот,4.1,162,Ср
FL625_815,S7,35.3,58,Вс
FL705_816,S7,5.7,123,Вс
FL827_817,Победа,10.0,99,Чт
FL637_818,S7,10.4,211,Пт
FL964_819,S7,319.5,203,Чт
FL300_820,S7,11.8,179,Пт
FL482_821,S7,46.8,141,Ср
FL545_822,Уральские_авиалинии,2.9,60,Вт
FL654_823,Уральские_авиалинии,12.3,108,Пн
FL134_824,Nordwind,4.7,173,Вт
FL485_825,Победа,49.0,286,Пт
FL590_826,Уральские_авиалинии,2.9,283,Пт
FL939_827,Nordwind,9.0,213,Вт
FL535_828,Уральские_авиалинии,8.4,115,Вт
FL162_829,Аэрофлот,73.5,124,Вт
FL740_830,Победа,10.6,269,Ср
FL146_831,Аэрофлот,10.9,272,Пн
FL958_832,Аэрофлот,2.4,265,Пн
FL944_833,Nordwind,4.4,176,Вт
FL200_834,S7,5.8,72,Сб
FL112_835,Победа,9.0,129,Пт
FL737_836,S7,18.5,235,Вт
FL634_837,Победа,4.7,57,Ср
FL373_838,Nordwind,3.1,162,Ср
FL732_839,Аэрофлот,2.8,265,Пт
FL302_840,S7,5.2,98,Вт
FL732_841,Nordwind,15.2,79,Пт
FL546_842,Аэрофлот,22.9,267,Вс
FL226_843,Победа,10.4,221,Сб
FL831_844,Победа,4.2,119,Ср
FL214_845,Аэрофлот,8.9,52,Ср
FL691_846,Аэрофлот,4.4,127,Пн
FL585_847,S7,4.1,63,Чт
FL884_848,Аэрофлот,49.1,194,Пт
FL131_849,Nordwind,12.6,241,Ср
FL484_850,Уральские_авиалинии,6.6,230,Пн
FL784_851,S7,6.3,120,Пн
FL902_852,Победа,2.9,91,Вт
FL474_853,Аэрофлот,30.1,287,Вс
FL847_854,Nordwind,1.8,224,Пт
FL933_855,Победа,243.2,124,Вс
FL904_856,Победа,9.0,239,Вт
FL101_857,Уральские_авиалинии,17.9,105,Пн
FL918_858,Победа,1.8,50,Чт
FL618_859,Уральские_авиалинии,9.2,192,Ср
FL980_860,Nordwind,14.3,143,Вс
FL788_861,Nordwind,11.1,143,Пт
FL111_862,Аэрофлот,8.0,63,Чт
FL983_863,Nordwind,319.0,220,Пн
FL913_864,Nordwind,11.0,228,Ср
FL715_865,Победа,4.2,239,Вс
FL118_866,S7,6.0,190,Вс
FL579_867,Победа,14.7,122,Пн
FL579_868,Уральские_авиалинии,2.3,124,Чт
FL332_869,Nordwind,27.6,243,Чт
FL956_870,Уральские_авиалинии,13.2,134,Чт
FL450_871,Nordwind,5.4,138,Пт
FL754_872,Nordwind,202.8,221,Вт
FL265_873,Аэрофлот,9.3,102,Чт
FL392_874,Nordwind,4.3,240,Сб
FL579_875,Победа,8.1,229,Пт
FL212_876,Уральские_авиалинии,16.5,108,Сб
FL903_877,Аэрофлот,6.1,188,Вс
FL484_878,Уральские_авиалинии,74.7,80,Пт
FL583_879,S7,9.5,167,Сб
FL943_880,Уральские_авиалинии,4.8,211,Пн
FL905_881,Уральские_авиалинии,7.0,159,Вт
FL121_882,Уральские_авиалинии,8.6,131,Вт
FL746_883,Уральские_авиалинии,0.2,88,Пт
FL907_884,S7,14.5,195,Вс
FL608_885,S7,5.9,218,Ср
FL779_886,Аэрофлот,59.5,185,Вт
FL220_887,S7,46.0,295,Сб
FL205_888,Победа,12.3,240,Пн
FL728_889,Аэрофлот,1.9,235,Вс
FL112_890,Победа,5.8,68,Вт
FL127_891,Nordwind,8.8,220,Пн
FL166_892,Победа,1.2,89,Ср
FL572_893,S7,39.0,291,Пт
FL131_894,Nordwind,2.0,243,Сб
FL385_895,Nordwind,15.0,92,Вс
FL871_896,Nordwind,238.8,202,Сб
FL328_897,Nordwind,0.1,175,Чт
FL305_898,Победа,26.1,275,Пт
FL697_899,Уральские_авиалинии,24.8,244,Сб
FL635_900,S7,127.9,287,Вт
FL917_901,Nordwind,2.1,145,Пт
FL662_902,Победа,9.0,186,Сб
FL976_903,S7,4.6,213,Чт
FL485_904,Nordwind,2.3,251,Ср
FL891_905,Уральские_авиалинии,8.0,196,Сб
FL540_906,S7,30.8,167,Ср
FL374_907,Аэрофлот,79.6,110,Вт
FL318_908,S7,28.3,202,Ср
FL261_909,Победа,3.3,204,Пн
FL751_910,Nordwind,23.3,229,Сб
FL973_911,Уральские_авиалинии,11.0,299,Пн
FL680_912,S7,13.3,220,Пн
FL116_913,Аэрофлот,16.3,251,Пт
FL370_914,Аэрофлот,0.6,135,Ср
FL370_915,Уральские_авиалинии,2.7,140,Пн
FL664_916,Победа,6.2,261,Ср
FL317_917,Победа,23.4,53,Сб
FL328_918,Победа,2.5,263,Ср
FL666_919,Уральские_авиалинии,13.9,160,Вс
FL259_920,Победа,333.3,281,Вт
FL761_921,Уральские_авиалинии,17.4,292,Вт
FL676_922,Аэрофлот,0.2,271,Пн
FL430_923,Аэрофлот,14.2,170,Чт
FL354_924,Аэрофлот,19.1,83,Ср
FL694_925,Уральские_авиалинии,15.1,200,Пн
FL357_926,Победа,17.0,200,Пн
FL991_927,Уральские_авиалинии,19.5,227,Пн
FL259_928,Nordwind,15.8,177,Ср
FL199_929,Nordwind,52.0,205,Чт
FL800_930,Аэрофлот,3.1,144,Пт
FL423_931,Аэрофлот,25.2,171,Пт
FL678_932,Уральские_авиалинии,16.4,73,Чт
FL284_933,S7,39.8,135,Чт
FL687_934,S7,0.2,125,Ср
FL271_935,Уральские_авиалинии,7.0,289,Ср
FL996_936,S7,17.1,101,Сб
FL596_937,Nordwind,10.3,70,Вт
FL475_938,Nordwind,48.8,61,Ср
FL667_939,Nordwind,18.7,296,Пт
FL638_940,Уральские_авиалинии,3.1,217,Вт
FL169_941,S7,10.5,121,Сб
FL183_942,Аэрофлот,8.9,164,Сб
FL137_943,Аэрофлот,6.8,85,Чт
FL470_944,S7,9.3,293,Вс
FL919_945,S7,273.6,198,Вс
FL476_946,Уральские_авиалинии,3.8,173,Вс
FL145_947,Аэрофлот,3.0,140,Пн
FL848_948,Победа,7.9,60,Вт
FL896_949,Победа,11.3,277,Ср
FL801_950,S7,16.4,81,Пн
FL577_951,Победа,35.0,101,Чт
FL619_952,Аэрофлот,11.2,236,Вс
FL830_953,Nordwind,21.2,291,Чт
FL171_954,S7,35.8,212,Вс
FL986_955,Nordwind,50.7,135,Пн
FL347_956,Победа,2.9,112,Вт
FL806_957,Победа,31.3,112,Вс
FL699_958,Аэрофлот,21.0,86,Пт
FL946_959,Уральские_авиалинии,2.7,124,Вс
FL309_960,S7,4.1,84,Ср
FL166_961,Аэрофлот,29.0,227,Пн
FL210_962,Уральские_авиалинии,13.3,141,Чт
FL387_963,Уральские_авиалинии,2.5,260,Сб
FL405_964,Уральские_авиалинии,13.6,156,Сб
FL883_965,Уральские_авиалинии,7.3,130,Ср
FL560_966,Аэрофлот,8.9,127,Ср
FL606_967,Уральские_авиалинии,5.9,245,Сб
FL314_968,Аэрофлот,38.6,223,Пт
FL386_969,Nordwind,11.0,202,Пт
FL292_970,Уральские_авиалинии,11.4,242,Сб
FL550_971,Победа,2.9,96,Чт
FL188_972,Уральские_авиалинии,6.3,170,Ср
FL903_973,Победа,1.7,115,Чт
FL558_974,Аэрофлот,39.4,261,Вт
FL749_975,Аэрофлот,254.9,66,Пт
FL295_976,Победа,2.2,184,Пт
FL788_977,S7,25.7,271,Пн
FL839_978,Nordwind,32.3,169,Сб
FL143_979,Nordwind,4.4,169,Вс
FL669_980,Nordwind,13.2,131,Ср
FL595_981,Уральские_авиалинии,20.3,101,Чт
FL268_982,Аэрофлот,1.0,109,Ср
FL101_983,Победа,16.6,239,Пт
FL515_984,Победа,8.8,284,Чт
FL903_985,Победа,115.6,290,Ср
FL376_986,Nordwind,0.8,147,Пн
FL446_987,Победа,14.8,256,Вс
FL849_988,Nordwind,0.7,189,Вт
FL947_989,S7,13.4,94,Сб
FL638_990,Аэрофлот,15.0,78,Чт
FL797_991,Nordwind,5.4,61,Пн
FL209_992,Nordwind,12.9,130,Ср
FL295_993,Аэрофлот,1.5,117,Чт
FL160_994,Уральские_авиалинии,11.8,71,Пт
FL928_995,Nordwind,2.3,100,Чт
FL471_996,Nordwind,22.4,98,Вт
FL829_997,S7,16.1,173,Ср
FL221_998,S7,63.4,226,Сб
FL745_999,Победа,28.3,89,Чт
FL151_1000,Победа,30.1,106,Вс
FL607_1001,S7,2.9,191,Ср
FL874_1002,S7,10.5,62,Ср
FL942_1003,Nordwind,36.2,279,Сб
FL574_1004,Nordwind,39.0,94,Вт
FL282_1005,Nordwind,12.9,230,Пн
FL299_1006,S7,1.7,283,Пн
FL544_1007,Nordwind,14.3,225,Пт
FL617_1008,Аэрофлот,6.7,175,Пт
FL827_1009,Аэрофлот,20.6,77,Сб
FL138_1010,Уральские_авиалинии,10.9,109,Ср
FL504_1011,Победа,7.6,163,Пн
FL135_1012,Победа,0.7,220,Вт
FL878_1013,S7,19.0,203,Вт
FL258_1014,Победа,0.2,96,Вс
FL219_1015,Nordwind,4.2,62,Сб
FL162_1016,Победа,16.1,53,Вт
FL486_1017,S7,1.8,72,Сб
FL997_1018,Аэрофлот,17.1,213,Пн
FL551_1019,S7,15.8,146,Пн
FL337_1020,Аэрофлот,37.8,132,Чт
FL979_1021,S7,24.1,63,Пн
FL692_1022,Nordwind,8.6,65,Вт
FL596_1023,Аэрофлот,12.5,235,Вс
FL390_1024,S7,9.5,205,Ср
FL573_1025,S7,5.0,99,Пт
FL549_1026,S7,2.3,264,Ср
FL153_1027,Победа,36.6,267,Сб
FL534_1028,Уральские_авиалинии,7.2,108,Пт
FL973_1029,Уральские_авиалинии,6.5,233,Ср
FL421_1030,S7,2.0,230,Ср
FL967_1031,S7,5.0,135,Пт
FL983_1032,Победа,144.0,65,Пн
FL246_1033,Аэрофлот,16.4,61,Чт
FL615_1034,Nordwind,13.1,99,Вт
FL344_1035,Nordwind,13.6,144,Пт
FL446_1036,Уральские_авиалинии,20.8,112,Ср
FL603_1037,Уральские_авиалинии,9.8,188,Вт
FL921_1038,Аэрофлот,0.5,78,Пн
FL297_1039,S7,10.6,160,Вт
FL335_1040,S7,15.4,53,Чт
FL825_1041,Аэрофлот,83.3,203,Сб
FL935_1042,Аэрофлот,6.5,252,Сб
FL466_1043,Аэрофлот,4.7,255,Пн
FL349_1044,Аэрофлот,3.4,143,Ср
FL545_1045,S7,10.1,122,Вт
FL572_1046,S7,11.2,62,Ср
FL256_1047,Уральские_авиалинии,34.4,296,Ср
FL972_1048,Уральские_авиалинии,2.4,254,Вс
FL982_1049,Победа,4.1,132,Ср
FL216_1050,Аэрофлот,14.9,289,Сб
FL744_1051,Аэрофлот,21.6,268,Вт
FL769_1052,Победа,37.6,66,Вс
FL691_1053,Уральские_авиалинии,0.8,217,Пн
FL797_1054,Nordwind,0.4,255,Сб
FL179_1055,S7,12.7,205,Вт
FL537_1056,Nordwind,6.8,297,Вт
FL318_1057,Победа,10.9,222,Пн
FL603_1058,S7,2.6,275,Пт
FL420_1059,Уральские_авиалинии,243.5,152,Сб
FL666_1060,Уральские_авиалинии,19.2,261,Чт
FL830_1061,Nordwind,47.9,58,Пн
FL456_1062,S7,0.1,96,Чт
FL926_1063,S7,59.9,274,Пн
FL105_1064,Победа,7.3,237,Пн
FL746_1065,S7,14.1,200,Ср
FL467_1066,Победа,23.1,207,Вт
FL733_1067,Аэрофлот,134.3,109,Пн
FL303_1068,S7,7.0,50,Вт
FL361_1069,S7,23.2,218,Вс
FL551_1070,Уральские_авиалинии,11.6,64,Вс
FL372_1071,Nordwind,52.3,93,Вт
FL692_1072,Nordwind,26.5,190,Вт
FL993_1073,Аэрофлот,17.2,67,Ср
FL981_1074,Уральские_авиалинии,22.2,150,Вт
FL591_1075,Победа,0.2,124,Вс
FL569_1076,Аэрофлот,13.6,91,Сб
FL325_1077,Уральские_авиалинии,34.2,260,Пн
FL630_1078,Победа,21.7,283,Вс
FL265_1079,Уральские_авиалинии,2.1,132,Вт
FL464_1080,S7,23.4,80,Чт
FL260_1081,S7,47.0,152,Ср
FL432_1082,S7,3.3,166,Сб
FL839_1083,S7,9.4,120,Пт
FL602_1084,Уральские_авиалинии,24.4,71,Вс
FL803_1085,S7,27.2,149,Вт
FL217_1086,S7,1.0,220,Вт
FL195_1087,Аэрофлот,357.2,108,Вт
FL388_1088,Победа,2.4,206,Ср
FL800_1089,Аэрофлот,37.3,160,Сб
FL322_1090,Nordwind,55.9,123,Чт
FL606_1091,Победа,70.2,224,Вс
FL964_1092,Уральские_авиалинии,6.8,177,Сб
FL396_1093,Аэрофлот,10.1,68,Пн
FL186_1094,Аэрофлот,1.9,254,Сб
FL283_1095,Победа,7.5,261,Пт
FL432_1096,Победа,6.0,94,Пн
FL427_1097,Уральские_авиалинии,10.5,108,Чт
FL956_1098,Nordwind,10.3,68,Ср
FL207_1099,Победа,233.6,238,Пн
FL985_1100,Уральские_авиалинии,5.0,291,Пт
FL226_1101,Уральские_авиалинии,7.1,164,Вт
FL847_1102,Победа,16.3,233,Пн
FL819_1103,S7,0.8,275,Вс
FL989_1104,S7,197.9,129,Вт
FL895_1105,S7,7.2,266,Пт
FL240_1106,Nordwind,10.8,105,Вт
FL516_1107,S7,1.7,289,Пт
FL800_1108,Победа,21.4,198,Вс
FL878_1109,Уральские_авиалинии,0.2,256,Чт
FL647_1110,Аэрофлот,5.9,88,Пн
FL830_1111,S7,53.3,246,Чт
FL574_1112,Победа,290.0,199,Пн
FL596_1113,Аэрофлот,3.9,121,Чт
FL479_1114,Уральские_авиалинии,30.7,297,Ср
FL595_1115,S7,12.4,89,Сб
FL832_1116,Уральские_авиалинии,278.7,188,Вс
FL335_1117,S7,0.7,115,Ср
FL729_1118,Аэрофлот,22.1,264,Пт
FL631_1119,S7,55.9,213,Пн
FL742_1120,Nordwind,2.3,299,Вт
FL440_1121,Уральские_авиалинии,15.5,262,Вт
FL341_1122,Nordwind,18.5,121,Вт
FL224_1123,Аэрофлот,1.8,199,Ср
FL220_1124,Уральские_авиалинии,1.6,164,Пт
FL745_1125,Аэрофлот,3.8,138,Пт
FL194_1126,Nordwind,10.6,284,Вт
FL138_1127,Аэрофлот,235.7,104,Вс
FL105_1128,Победа,4.2,285,Чт
FL590_1129,Аэрофлот,6.1,194,Вт
FL357_1130,Nordwind,1.8,84,Вт
FL296_1131,Победа,24.6,260,Сб
FL830_1132,S7,5.0,140,Пн
FL196_1133,Уральские_авиалинии,75.8,192,Чт
FL964_1134,Nordwind,3.6,54,Пт
FL452_1135,Аэрофлот,3.6,165,Вс
FL625_1136,S7,6.5,237,Сб
FL196_1137,Nordwind,0.9,211,Пт
FL281_1138,Уральские_авиалинии,3.9,61,Пн
FL203_1139,Победа,9.0,234,Сб
FL175_1140,S7,2.9,175,Пт
FL739_1141,Nordwind,17.3,205,Пн
FL654_1142,S7,23.4,55,Вт
FL675_1143,Nordwind,10.5,242,Пт
FL953_1144,Аэрофлот,15.4,231,Ср
FL605_1145,Аэрофлот,3.8,107,Пт
FL369_1146,Уральские_авиалинии,2.3,136,Пн
FL540_1147,Аэрофлот,25.6,132,Вс
FL819_1148,S7,12.2,270,Пт
FL486_1149,Nordwind,5.1,224,Пн
FL648_1150,Победа,1.4,174,Ср
FL964_1151,Аэрофлот,11.7,196,Сб
FL473_1152,Уральские_авиалинии,10.9,117,Пн
FL779_1153,Аэрофлот,21.1,261,Сб
FL263_1154,Nordwind,4.2,277,Вс
FL986_1155,Победа,1.3,203,Ср
FL620_1156,Аэрофлот,34.0,229,Пт
FL331_1157,Nordwind,18.4,231,Вс
FL736_1158,Аэрофлот,3.8,250,Вс
FL819_1159,Победа,2.7,260,Сб
FL163_1160,Уральские_авиалинии,7.8,254,Чт
FL178_1161,Аэрофлот,4.3,165,Сб
FL539_1162,Уральские_авиалинии,7.6,59,Пн
FL206_1163,Nordwind,2.3,204,Вс
FL422_1164,Аэрофлот,1.7,262,Сб
FL286_1165,Nordwind,11.5,110,Чт
FL114_1166,S7,2.0,147,Ср
FL481_1167,Аэрофлот,23.3,259,Вт
FL388_1168,Уральские_авиалинии,309.5,290,Вт
FL422_1169,Победа,3.4,295,Пт
FL311_1170,Аэрофлот,0.2,125,Чт
FL872_1171,S7,4.1,102,Ср
FL639_1172,S7,28.4,74,Пн
FL188_1173,Уральские_авиалинии,12.9,55,Ср
FL633_1174,Уральские_авиалинии,15.6,275,Чт
FL282_1175,S7,35.5,209,Сб
FL245_1176,Уральские_авиалинии,3.6,84,Пн
FL627_1177,S7,23.7,284,Ср
FL793_1178,Уральские_авиалинии,263.8,267,Вс
FL824_1179,Уральские_авиалинии,14.0,205,Пн
FL512_1180,S7,12.1,95,Ср
FL450_1181,Аэрофлот,32.7,156,Пт
FL866_1182,Аэрофлот,48.8,137,Чт
FL646_1183,Аэрофлот,6.0,102,Пт
FL235_1184,S7,8.6,148,Чт
FL597_1185,Уральские_авиалинии,3.3,218,Пт
FL530_1186,Победа,0.8,291,Ср
FL776_1187,Nordwind,15.4,268,Сб
FL123_1188,Победа,11.9,92,Ср
FL305_1189,Уральские_авиалинии,15.6,71,Вс
FL783_1190,Аэрофлот,18.1,200,Ср
FL739_1191,Аэрофлот,17.5,192,Вт
FL268_1192,S7,15.9,268,Сб
FL268_1193,Победа,14.0,218,Вт
FL635_1194,Аэрофлот,15.1,175,Пн
FL627_1195,S7,14.2,109,Вт
FL770_1196,Уральские_авиалинии,294.2,65,Ср
FL126_1197,Уральские_авиалинии,19.7,263,Чт
FL728_1198,S7,343.6,192,Сб
FL740_1199,Уральские_авиалинии,21.2,201,Сб
FL993_1200,Аэрофлот,237.1,243,Чт
FL317_1201,S7,6.6,198,Вт
FL756_1202,S7,12.9,151,Вт
FL692_1203,Победа,37.5,168,Сб
FL825_1204,Уральские_авиалинии,34.3,256,Чт
FL596_1205,Nordwind,12.0,62,Вт
FL566_1206,Победа,4.1,280,Пн
FL554_1207,Nordwind,11.4,181,Пн
FL496_1208,Уральские_авиалинии,6.0,278,Ср
FL416_1209,Аэрофлот,2.1,94,Сб
FL673_1210,Nordwind,86.6,229,Сб
FL230_1211,Аэрофлот,16.4,157,Чт
FL564_1212,S7,11.7,102,Пн
FL921_1213,Nordwind,13.8,98,Вс
FL552_1214,Nordwind,3.3,116,Сб
FL859_1215,Уральские_авиалинии,1.1,206,Ср
FL584_1216,Nordwind,6.8,201,Ср
FL318_1217,Уральские_авиалинии,18.6,202,Пн
FL679_1218,Победа,0.4,149,Пн
FL756_1219,Nordwind,1.3,116,Ср
FL566_1220,Nordwind,5.5,71,Ср
FL778_1221,Nordwind,5.8,70,Сб
FL573_1222,Аэрофлот,0.2,204,Сб
FL345_1223,Победа,7.8,201,Вт
FL930_1224,Аэрофлот,25.8,214,Сб
FL449_1225,Nordwind,19.9,89,Пт
FL525_1226,Аэрофлот,5.4,251,Вт
FL356_1227,S7,5.0,52,Вс
FL154_1228,Nordwind,6.6,200,Чт
FL939_1229,S7,3.0,297,Сб
FL269_1230,Аэрофлот,2.5,59,Ср
FL970_1231,Уральские_авиалинии,20.1,226,Вт
FL695_1232,Победа,254.3,148,Вт
FL927_1233,Победа,12.7,189,Пт
FL878_1234,Победа,21.1,213,Вс
FL311_1235,Аэрофлот,21.3,160,Пт
FL359_1236,Уральские_авиалинии,23.2,246,Пт
FL454_1237,Nordwind,17.9,289,Чт
FL508_1238,Аэрофлот,6.8,132,Вс
FL336_1239,Победа,10.7,119,Вт
FL380_1240,S7,12.7,220,Пн
FL732_1241,Nordwind,2.1,170,Чт
FL596_1242,Уральские_авиалинии,0.4,67,Пт
FL373_1243,Nordwind,31.7,243,Ср
FL232_1244,S7,27.9,118,Пт
FL871_1245,Nordwind,138.8,223,Чт
FL222_1246,Nordwind,12.7,158,Вт
FL225_1247,S7,250.4,217,Вс
FL900_1248,Аэрофлот,4.6,147,Вс
FL925_1249,Nordwind,185.3,124,Пн
FL787_1250,Победа,25.2,130,Пн
FL524_1251,Победа,0.1,180,Пт
FL325_1252,Аэрофлот,233.8,84,Пт
FL304_1253,Nordwind,14.9,135,Чт
FL616_1254,Аэрофлот,18.4,237,Чт
FL213_1255,Аэрофлот,4.2,150,Пн
FL905_1256,Победа,27.9,65,Чт
FL531_1257,Уральские_авиалинии,8.7,295,Вт
FL478_1258,Уральские_авиалинии,13.5,60,Чт
FL467_1259,Аэрофлот,3.5,165,Чт
FL966_1260,S7,5.5,151,Ср
FL451_1261,S7,7.9,236,Ср
FL943_1262,Аэрофлот,0.6,159,Сб
FL861_1263,Аэрофлот,44.1,92,Вт
FL834_1264,Nordwind,3.5,201,Чт
FL573_1265,Уральские_авиалинии,278.0,112,Сб
FL426_1266,S7,6.2,146,Сб
FL619_1267,Победа,15.8,288,Пт
FL413_1268,Победа,8.8,289,Чт
FL727_1269,Победа,0.5,61,Ср
FL104_1270,Аэрофлот,8.1,170,Чт
FL584_1271,Победа,15.7,153,Сб
FL559_1272,Уральские_авиалинии,53.7,242,Ср
FL221_1273,Уральские_авиалинии,36.6,117,Ср
FL459_1274,Уральские_авиалинии,0.5,62,Пт
FL226_1275,Аэрофлот,4.2,91,Чт
FL934_1276,Nordwind,12.1,153,Вс
FL852_1277,S7,4.6,213,Чт
FL276_1278,Уральские_авиалинии,9.4,96,Чт
FL540_1279,Аэрофлот,9.4,259,Ср
FL760_1280,Победа,10.6,99,Вс
FL342_1281,Победа,1.4,175,Вс
FL803_1282,Победа,4.6,191,Вт
FL466_1283,Nordwind,0.0,243,Пт
FL380_1284,Уральские_авиалинии,201.8,153,Вс
FL109_1285,Nordwind,73.2,202,Вт
FL707_1286,Победа,13.6,251,Сб
FL346_1287,Аэрофлот,29.0,132,Вс
FL867_1288,Nordwind,2.2,127,Ср
FL932_1289,Nordwind,16.7,111,Вс
FL958_1290,S7,4.8,220,Сб
FL638_1291,Уральские_авиалинии,2.4,289,Вт
FL867_1292,S7,12.0,162,Чт
FL479_1293,Победа,12.5,107,Сб
FL890_1294,Победа,4.4,269,Вт
FL855_1295,Аэрофлот,7.8,195,Вт
FL451_1296,Победа,21.1,243,Вс
FL242_1297,S7,33.8,255,Ср
FL443_1298,Уральские_авиалинии,1.8,124,Вс
FL584_1299,Nordwind,10.1,294,Вт
FL191_1300,Уральские_авиалинии,33.3,92,Пт
FL683_1301,Аэрофлот,1.7,179,Пн
FL582_1302,Победа,29.2,230,Ср
FL139_1303,Уральские_авиалинии,6.5,112,Пн
FL550_1304,Победа,42.7,144,Сб
FL235_1305,Победа,14.1,277,Пн
FL576_1306,Победа,10.6,204,Пт
FL591_1307,Аэрофлот,1.5,157,Ср
FL646_1308,Nordwind,13.2,96,Пт
FL620_1309,S7,34.1,194,Ср
FL666_1310,Nordwind,55.1,194,Сб
FL598_1311,S7,61.6,75,Чт
FL657_1312,S7,26.7,121,Вт
FL128_1313,Аэрофлот,14.1,257,Сб
FL159_1314,Аэрофлот,13.1,280,Пн
FL407_1315,S7,9.1,119,Чт
FL234_1316,Аэрофлот,159.2,97,Ср
FL601_1317,Победа,10.4,170,Вс
FL945_1318,Nordwind,26.3,67,Чт
FL468_1319,S7,22.7,251,Вт
FL655_1320,Уральские_авиалинии,4.8,85,Сб
FL283_1321,Nordwind,4.5,283,Вт
FL239_1322,Победа,9.1,147,Пт
FL367_1323,Победа,4.9,104,Вт
FL878_1324,Nordwind,8.1,237,Пт
FL924_1325,S7,1.0,224,Пт
FL653_1326,Победа,12.6,79,Вс
FL976_1327,Аэрофлот,39.3,205,Ср
FL479_1328,Уральские_авиалинии,3.0,129,Ср
FL233_1329,Аэрофлот,27.5,257,Ср
FL105_1330,Уральские_авиалинии,143.8,207,Сб
FL111_1331,Аэрофлот,7.4,134,Пн
FL189_1332,Nordwind,30.0,234,Вс
FL807_1333,S7,23.7,260,Вс
FL316_1334,Победа,27.2,50,Вс
FL285_1335,Уральские_авиалинии,66.1,61,Вс
FL358_1336,Победа,2.7,268,Чт
FL576_1337,S7,6.0,110,Пн
FL711_1338,Nordwind,20.4,170,Вт
FL750_1339,Аэрофлот,13.2,66,Чт
FL630_1340,S7,0.2,277,Сб
FL158_1341,Nordwind,51.6,266,Вт
FL284_1342,Победа,28.9,89,Чт
FL938_1343,Победа,3.8,294,Ср
FL430_1344,S7,33.8,142,Пн
FL776_1345,S7,2.2,182,Вс
FL692_1346,S7,40.1,119,Пн
FL335_1347,Уральские_авиалинии,12.7,129,Пн
FL507_1348,Аэрофлот,0.7,217,Пт
FL460_1349,Победа,1.4,120,Вс
FL434_1350,Победа,7.2,246,Вт
FL762_1351,Победа,9.1,277,Вс
FL687_1352,Уральские_авиалинии,60.0,62,Ср
FL741_1353,S7,46.1,159,Пн
FL397_1354,Уральские_авиалинии,21.4,205,Вс
FL877_1355,Nordwind,12.3,174,Пт
FL796_1356,Nordwind,95.4,125,Пн
FL716_1357,Победа,7.6,280,Чт
FL817_1358,Победа,3.4,212,Пн
FL326_1359,Nordwind,16.7,114,Вс
FL656_1360,Победа,2.0,214,Пт
FL334_1361,Аэрофлот,14.7,256,Пн
FL617_1362,Победа,18.9,243,Чт
FL639_1363,Аэрофлот,10.5,98,Пт
FL551_1364,S7,24.7,113,Чт
FL570_1365,S7,21.7,283,Сб
FL276_1366,Победа,0.9,89,Чт
FL977_1367,S7,7.5,133,Пт
FL718_1368,Аэрофлот,22.7,106,Вс
FL958_1369,S7,15.1,137,Сб
FL960_1370,Уральские_авиалинии,6.0,258,Пн
FL695_1371,S7,21.5,137,Сб
FL561_1372,Аэрофлот,16.3,237,Ср
FL252_1373,Аэрофлот,19.3,288,Вс
FL782_1374,Уральские_авиалинии,18.1,287,Сб
FL415_1375,S7,132.6,278,Ср
FL930_1376,Победа,4.8,298,Вт
FL516_1377,Уральские_авиалинии,0.2,167,Пн
FL932_1378,Аэрофлот,4.0,259,Вс
FL219_1379,Nordwind,3.1,82,Пн
FL783_1380,Победа,16.4,266,Чт
FL612_1381,Аэрофлот,3.7,157,Чт
FL107_1382,Аэрофлот,27.7,56,Вт
FL615_1383,Победа,145.5,195,Вс
FL531_1384,S7,6.3,231,Пн
FL769_1385,Nordwind,21.9,196,Пн
FL650_1386,S7,23.7,89,Вт
FL861_1387,S7,1.3,214,Сб
FL785_1388,S7,71.7,221,Пт
FL179_1389,S7,23.9,180,Ср
FL132_1390,Nordwind,28.3,85,Пн
FL465_1391,Уральские_авиалинии,3.7,95,Ср
FL853_1392,Nordwind,20.4,277,Сб
FL915_1393,S7,4.1,158,Вт
FL409_1394,S7,5.8,69,Пт
FL106_1395,Победа,18.6,143,Пт
FL808_1396,Победа,4.3,286,Вт
FL558_1397,S7,17.5,182,Ср
FL807_1398,Победа,39.7,197,Вт
FL624_1399,Победа,69.2,292,Чт
FL752_1400,S7,7.2,138,Чт
FL312_1401,S7,13.8,101,Вт
FL658_1402,Аэрофлот,39.4,203,Вт
FL753_1403,Уральские_авиалинии,13.0,97,Пт
FL900_1404,Победа,3.5,161,Пт
FL835_1405,Nordwind,10.2,123,Пн
FL880_1406,Nordwind,21.3,140,Ср
FL742_1407,S7,13.4,170,Пн
FL866_1408,Аэрофлот,33.4,143,Пн
FL225_1409,Аэрофлот,8.9,137,Пн
FL714_1410,Nordwind,8.6,220,Пт
FL705_1411,Уральские_авиалинии,6.5,282,Чт
FL830_1412,S7,13.5,143,Пт
FL780_1413,S7,11.2,98,Ср
FL989_1414,Победа,7.0,52,Вт
FL849_1415,S7,26.7,71,Чт
FL303_1416,Уральские_авиалинии,9.0,242,Сб
FL310_1417,Победа,20.5,191,Пн
FL255_1418,Победа,13.9,70,Чт
FL853_1419,Уральские_авиалинии,202.8,169,Ср
FL654_1420,Победа,46.4,75,Пт
FL977_1421,Nordwind,6.2,230,Вт
FL189_1422,Nordwind,40.7,86,Сб
FL501_1423,Nordwind,94.0,235,Ср
FL311_1424,Победа,7.6,249,Ср
FL297_1425,Уральские_авиалинии,5.5,269,Ср
FL982_1426,Аэрофлот,29.1,213,Пн
FL214_1427,Аэрофлот,305.6,134,Ср
FL140_1428,Победа,14.9,69,Вт
FL326_1429,Аэрофлот,270.3,89,Вс
FL422_1430,Уральские_авиалинии,79.3,294,Пн
FL465_1431,Аэрофлот,15.2,204,Вт
FL868_1432,S7,29.2,182,Ср
FL901_1433,Уральские_авиалинии,4.6,190,Пн
FL916_1434,Уральские_авиалинии,29.0,173,Пт
FL720_1435,Аэрофлот,10.9,57,Вс
FL657_1436,Аэрофлот,0.9,194,Пт
FL279_1437,Аэрофлот,18.9,223,Пн
FL273_1438,Аэрофлот,20.1,262,Ср
FL949_1439,S7,19.3,103,Пт
FL747_1440,Nordwind,14.0,253,Сб
FL974_1441,Аэрофлот,14.3,278,Ср
FL928_1442,Аэрофлот,32.0,294,Пн
FL593_1443,Аэрофлот,0.8,101,Вт
FL634_1444,S7,13.0,63,Сб
FL351_1445,Победа,3.9,259,Пт
FL257_1446,Победа,3.1,224,Ср
FL190_1447,Nordwind,13.9,153,Пт
FL886_1448,Победа,3.0,293,Вт
FL734_1449,Победа,0.9,194,Чт
FL962_1450,S7,16.6,203,Сб
FL915_1451,Nordwind,3.0,139,Вт
FL463_1452,Уральские_авиалинии,1.8,195,Ср
FL943_1453,Аэрофлот,2.0,61,Вс
FL794_1454,S7,4.1,277,Вт
FL599_1455,Nordwind,2.2,165,Пн
FL873_1456,S7,1.6,125,Пт
FL212_1457,Уральские_авиалинии,22.9,161,Сб
FL760_1458,Победа,5.2,136,Сб
FL971_1459,S7,14.8,244,Сб
FL519_1460,Победа,0.2,274,Пт
FL875_1461,Nordwind,11.8,125,Ср
FL276_1462,Nordwind,29.9,127,Пт
FL591_1463,Победа,20.6,253,Пн
FL882_1464,S7,1.4,100,Чт
FL909_1465,Nordwind,14.1,105,Ср
FL789_1466,Победа,8.4,246,Вс
FL911_1467,Аэрофлот,14.6,297,Чт
FL453_1468,Уральские_авиалинии,35.2,206,Ср
FL593_1469,Аэрофлот,294.5,272,Пн
FL104_1470,Победа,37.8,172,Ср
FL404_1471,Уральские_авиалинии,30.9,114,Вс
FL425_1472,S7,34.8,137,Вт
FL690_1473,Победа,5.7,295,Чт
FL697_1474,Nordwind,14.3,245,Пт
FL252_1475,Уральские_авиалинии,11.1,154,Пт
FL649_1476,Nordwind,3.5,63,Ср
FL127_1477,Nordwind,17.7,122,Пт
FL582_1478,Уральские_авиалинии,3.9,222,Вс
FL407_1479,S7,5.5,179,Вт
FL657_1480,Аэрофлот,39.6,166,Сб
FL604_1481,Уральские_авиалинии,24.8,118,Ср
FL806_1482,Уральские_авиалинии,5.6,147,Ср
FL520_1483,Победа,13.7,192,Сб
FL882_1484,Уральские_авиалинии,25.8,62,Чт
FL282_1485,Nordwind,1.7,269,Вт
FL834_1486,S7,2.6,106,Пт
FL849_1487,Уральские_авиалинии,11.9,286,Сб
FL373_1488,S7,7.3,188,Чт
FL529_1489,S7,30.5,120,Вт
FL930_1490,Уральские_авиалинии,231.4,83,Пт
FL859_1491,S7,20.3,128,Пт
FL409_1492,Аэрофлот,2.6,148,Чт
FL403_1493,Уральские_авиалинии,38.5,64,Вс
FL736_1494,Nordwind,2.2,299,Чт
FL784_1495,Уральские_авиалинии,24.3,66,Вт
FL194_1496,Nordwind,9.7,298,Ср
FL543_1497,Аэрофлот,87.2,75,Пн
FL760_1498,Победа,34.7,195,Вс
FL488_1499,Уральские_авиалинии,343.9,209,Пт
FL790_1500,Уральские_авиалинии,62.8,284,Ср
FL546_1501,Победа,34.8,138,Чт
FL645_1502,Nordwind,39.8,173,Вс
FL522_1503,Аэрофлот,9.8,243,Сб
FL352_1504,Уральские_авиалинии,6.7,85,Пт
FL464_1505,Уральские_авиалинии,3.3,210,Сб
FL577_1506,Победа,66.8,88,Ср
FL548_1507,S7,1.8,212,Пн
FL486_1508,Победа,4.8,63,Вс
FL392_1509,Уральские_авиалинии,27.5,189,Вт
FL988_1510,Nordwind,1.8,124,Вс
FL292_1511,Аэрофлот,30.1,71,Чт
FL693_1512,Nordwind,5.7,180,Пт
FL595_1513,Победа,13.4,124,Пн
FL229_1514,Аэрофлот,6.1,171,Ср
FL168_1515,Победа,19.5,221,Сб
FL921_1516,Победа,56.8,257,Вт
FL945_1517,Победа,1.7,267,Вс
FL797_1518,Победа,24.5,83,Пн
FL353_1519,Уральские_авиалинии,0.7,167,Сб
FL511_1520,S7,5.2,283,Чт
FL312_1521,Уральские_авиалинии,13.2,250,Вт
FL484_1522,S7,0.1,95,Пт
FL375_1523,Nordwind,72.0,153,Пт
FL500_1524,S7,20.1,117,Чт
FL715_1525,Победа,307.5,97,Вт
FL785_1526,Nordwind,0.8,229,Пн
FL385_1527,Nordwind,5.3,183,Пт
FL376_1528,S7,17.8,234,Ср
FL912_1529,Nordwind,1.8,186,Вт
FL439_1530,Аэрофлот,38.9,235,Пт
FL189_1531,Аэрофлот,17.8,223,Чт
FL505_1532,Nordwind,0.8,67,Вт
FL110_1533,Nordwind,4.7,232,Пн
FL228_1534,Уральские_авиалинии,24.2,175,Пн
FL161_1535,Nordwind,66.2,112,Ср
FL847_1536,S7,18.9,209,Сб
FL990_1537,Уральские_авиалинии,2.9,95,Вс
FL165_1538,Nordwind,21.6,94,Вс
FL571_1539,S7,20.8,193,Сб
FL150_1540,Nordwind,4.8,266,Вс
FL877_1541,Аэрофлот,17.9,101,Вс
FL344_1542,Победа,20.9,149,Сб
FL815_1543,S7,1.0,257,Чт
FL145_1544,Победа,4.0,87,Вт
FL700_1545,Аэрофлот,3.4,132,Ср
FL180_1546,Уральские_авиалинии,2.3,194,Чт
FL519_1547,S7,19.7,272,Сб
FL547_1548,Nordwind,16.0,213,Пн
FL544_1549,S7,5.8,97,Чт
FL606_1550,Уральские_авиалинии,4.4,97,Ср
FL119_1551,Аэрофлот,7.3,166,Пт
FL300_1552,Уральские_авиалинии,1.5,289,Ср
FL396_1553,S7,18.4,65,Чт
FL637_1554,Аэрофлот,49.1,141,Чт
FL522_1555,Уральские_авиалинии,5.3,243,Пн
FL534_1556,Победа,2.7,151,Вс
FL925_1557,Уральские_авиалинии,10.8,271,Чт
FL137_1558,Уральские_авиалинии,10.9,148,Вс
FL252_1559,Nordwind,4.1,91,Чт
FL440_1560,S7,3.3,77,Чт
FL154_1561,Nordwind,6.6,161,Сб
FL658_1562,Аэрофлот,22.0,186,Сб
FL471_1563,S7,8.4,73,Ср
FL243_1564,Уральские_авиалинии,11.5,183,Сб
FL866_1565,S7,34.6,132,Вт
FL866_1566,Аэрофлот,10.8,74,Вс
FL582_1567,S7,8.3,78,Вт
FL450_1568,Победа,6.4,201,Чт
FL155_1569,Уральские_авиалинии,23.1,226,Чт
FL412_1570,Победа,12.8,143,Вт
FL897_1571,Nordwind,8.7,88,Вс
FL180_1572,Nordwind,23.5,128,Сб
FL167_1573,S7,8.0,132,Пн
FL373_1574,Nordwind,14.1,270,Вс
FL349_1575,Уральские_авиалинии,9.3,126,Пн
FL932_1576,Победа,28.7,269,Сб
FL430_1577,Аэрофлот,36.4,58,Вт
FL694_1578,Аэрофлот,1.4,57,Сб
FL260_1579,Уральские_авиалинии,13.0,51,Сб
FL834_1580,Уральские_авиалинии,2.8,229,Вс
FL708_1581,Победа,30.4,239,Вс
FL981_1582,S7,10.6,142,Пн
FL861_1583,S7,10.9,76,Чт
FL138_1584,Nordwind,24.4,296,Вс
FL289_1585,Nordwind,22.8,113,Ср
FL679_1586,Уральские_авиалинии,20.9,131,Вс
FL650_1587,Аэрофлот,3.2,195,Ср
FL653_1588,Победа,0.1,109,Пт
FL277_1589,Уральские_авиалинии,322.3,73,Ср
FL669_1590,Аэрофлот,18.0,263,Ср
FL561_1591,Nordwind,26.8,64,Ср
FL223_1592,Победа,14.6,260,Сб
FL390_1593,Победа,21.2,284,Пт
FL275_1594,Nordwind,29.7,124,Пн
FL183_1595,Аэрофлот,26.0,115,Пт
FL158_1596,Nordwind,2.6,113,Ср
FL937_1597,Nordwind,1.9,293,Вс
FL139_1598,Уральские_авиалинии,3.8,161,Пт
FL578_1599,Победа,3.2,153,Ср
FL407_1600,Аэрофлот,7.2,216,Вт
FL110_1601,S7,9.9,249,Вт
FL218_1602,S7,17.7,57,Вс
FL659_1603,Nordwind,14.2,230,Пт
FL499_1604,Уральские_авиалинии,7.0,65,Вс
FL935_1605,S7,270.5,215,Вт
FL437_1606,Nordwind,2.9,180,Пн
FL795_1607,Победа,2.1,141,Сб
FL238_1608,Nordwind,17.3,105,Пт
FL653_1609,Аэрофлот,11.9,101,Ср
FL410_1610,Аэрофлот,3.1,260,Вс
FL174_1611,S7,0.4,203,Пн
FL742_1612,S7,11.3,118,Чт
FL862_1613,Аэрофлот,16.2,258,Вс
FL389_1614,Победа,134.0,239,Вс
FL131_1615,Победа,9.7,190,Пн
FL197_1616,Победа,9.4,156,Сб
FL339_1617,Nordwind,1.4,178,Ср
FL110_1618,Аэрофлот,34.9,288,Чт
FL592_1619,Аэрофлот,21.0,243,Вс
FL579_1620,S7,1.5,117,Пт
FL479_1621,Победа,66.9,212,Чт
FL962_1622,Аэрофлот,0.9,67,Сб
FL246_1623,Победа,17.7,96,Сб
FL932_1624,Победа,5.6,299,Пт
FL473_1625,S7,13.3,234,Чт
FL118_1626,S7,25.9,96,Ср
FL627_1627,Аэрофлот,41.5,119,Сб
FL547_1628,S7,0.7,190,Вс
FL594_1629,Nordwind,0.1,165,Вс
FL782_1630,Уральские_авиалинии,7.5,272,Вт
FL111_1631,S7,6.2,231,Пн
FL357_1632,S7,1.2,195,Пн
FL315_1633,Аэрофлот,34.2,90,Ср
FL188_1634,Аэрофлот,20.7,192,Вс
FL736_1635,Аэрофлот,19.2,297,Ср
FL563_1636,Победа,47.9,284,Сб
FL422_1637,S7,8.2,206,Вт
FL724_1638,Nordwind,27.1,273,Чт
FL558_1639,S7,8.9,130,Пт
FL944_1640,Победа,10.1,223,Вт
FL757_1641,Уральские_авиалинии,0.7,194,Сб
FL353_1642,Уральские_авиалинии,2.1,194,Вт
FL265_1643,Nordwind,0.9,73,Чт
FL705_1644,Аэрофлот,356.3,72,Сб
FL244_1645,Победа,62.2,230,Вс
FL582_1646,Уральские_авиалинии,2.0,90,Вт
FL781_1647,Nordwind,6.1,297,Пт
FL104_1648,Nordwind,3.3,277,Пн
FL900_1649,S7,63.7,266,Ср
FL239_1650,S7,357.9,212,Чт
FL129_1651,Победа,12.8,117,Вт
FL887_1652,Победа,33.9,138,Ср
FL184_1653,Аэрофлот,38.2,92,Пт
FL475_1654,Победа,25.2,77,Пн
FL152_1655,Nordwind,3.0,73,Пн
FL138_1656,Nordwind,39.0,67,Ср
FL946_1657,Nordwind,13.9,279,Ср
FL657_1658,S7,12.3,116,Сб
FL920_1659,S7,110.8,159,Сб
FL898_1660,Уральские_авиалинии,58.9,234,Вт
FL915_1661,Nordwind,12.8,193,Вс
FL497_1662,Аэрофлот,9.6,139,Вт
FL410_1663,Nordwind,21.3,120,Вт
FL380_1664,Победа,1.4,245,Вс
FL446_1665,Уральские_авиалинии,8.0,291,Ср
FL779_1666,Победа,8.1,211,Пн
FL981_1667,Уральские_авиалинии,12.7,212,Вт
FL148_1668,S7,1.7,78,Сб
FL263_1669,S7,12.6,68,Ср
FL904_1670,Уральские_авиалинии,17.9,278,Пт
FL198_1671,Уральские_авиалинии,0.4,246,Пн
FL496_1672,Nordwind,3.8,159,Пн
FL667_1673,Nordwind,28.9,51,Пт
FL548_1674,Аэрофлот,16.0,230,Пн
FL409_1675,Уральские_авиалинии,13.6,61,Пт
FL208_1676,Победа,77.9,167,Вт
FL371_1677,S7,5.9,79,Чт
FL389_1678,Победа,8.4,196,Пн
FL625_1679,Nordwind,7.4,178,Ср
FL343_1680,Уральские_авиалинии,9.6,215,Ср
FL673_1681,S7,11.0,240,Сб
FL714_1682,Уральские_авиалинии,2.4,60,Чт
FL500_1683,Победа,5.3,224,Ср
FL835_1684,Аэрофлот,8.0,203,Ср
FL623_1685,S7,1.9,218,Вт
FL164_1686,Уральские_авиалинии,29.3,275,Пн
FL161_1687,S7,0.5,51,Сб
FL436_1688,Nordwind,35.7,53,Чт
FL283_1689,Аэрофлот,23.7,230,Вт
FL348_1690,Уральские_авиалинии,25.1,81,Сб
FL399_1691,Победа,5.3,260,Ср
FL822_1692,Победа,5.0,293,Пн
FL594_1693,Аэрофлот,12.7,73,Ср
FL640_1694,Nordwind,3.3,224,Вт
FL750_1695,S7,351.3,241,Вт
FL871_1696,Аэрофлот,55.5,204,Сб
FL953_1697,Уральские_авиалинии,82.1,224,Ср
FL392_1698,Nordwind,15.7,70,Чт
FL581_1699,Nordwind,70.9,266,Вт
FL852_1700,Уральские_авиалинии,19.8,215,Сб
FL857_1701,Nordwind,7.6,76,Пн
FL849_1702,Уральские_авиалинии,25.4,215,Чт
FL270_1703,Аэрофлот,41.9,68,Чт
FL106_1704,Аэрофлот,2.1,213,Вс
FL948_1705,Аэрофлот,24.2,158,Пн
FL711_1706,S7,38.1,197,Сб
FL341_1707,Победа,9.0,264,Ср
FL947_1708,S7,1.4,292,Вс
FL194_1709,Nordwind,5.7,119,Пт
FL735_1710,Аэрофлот,11.1,217,Пн
FL263_1711,Аэрофлот,1.5,228,Ср
FL868_1712,Победа,7.7,277,Вт
FL877_1713,Победа,4.9,67,Пт
FL889_1714,Аэрофлот,12.5,153,Вс
FL521_1715,S7,12.5,299,Ср
FL610_1716,S7,1.7,175,Сб
FL930_1717,S7,0.1,67,Пт
FL584_1718,Nordwind,2.9,251,Сб
FL681_1719,Nordwind,1.9,184,Чт
FL982_1720,Победа,8.4,247,Ср
FL510_1721,Победа,6.7,226,Сб
FL952_1722,Nordwind,23.1,290,Ср
FL174_1723,S7,6.4,284,Пн
FL399_1724,Аэрофлот,16.8,165,Вс
FL146_1725,Nordwind,81.4,191,Сб
FL312_1726,S7,2.5,270,Вс
FL434_1727,Уральские_авиалинии,32.6,205,Сб
FL230_1728,Победа,10.3,110,Пт
FL415_1729,Победа,6.0,104,Сб
FL519_1730,Nordwind,5.2,124,Ср
FL995_1731,Победа,2.8,179,Вт
FL698_1732,Аэрофлот,6.3,208,Сб
FL145_1733,Аэрофлот,20.0,112,Ср
FL832_1734,Уральские_авиалинии,2.5,264,Пн
FL115_1735,Nordwind,32.8,268,Вс
FL563_1736,Аэрофлот,15.9,171,Пт
FL570_1737,S7,32.7,112,Ср
FL468_1738,Победа,15.7,88,Чт
FL260_1739,Уральские_авиалинии,1.9,121,Пт
FL406_1740,S7,0.5,53,Вс
FL179_1741,Уральские_авиалинии,0.5,85,Ср
FL656_1742,Победа,4.1,203,Сб
FL152_1743,Nordwind,152.0,248,Чт
FL694_1744,Уральские_авиалинии,41.0,286,Сб
FL298_1745,S7,6.4,76,Пн
FL648_1746,S7,10.2,185,Пн
FL493_1747,Победа,12.3,183,Ср
FL556_1748,Аэрофлот,52.6,121,Чт
FL833_1749,Аэрофлот,13.7,97,Ср
FL636_1750,Победа,4.4,83,Пн
FL673_1751,Nordwind,7.1,207,Пт
FL124_1752,S7,9.6,71,Ср
FL300_1753,Аэрофлот,0.2,185,Сб
FL547_1754,Nordwind,3.1,231,Вт
FL739_1755,Уральские_авиалинии,0.4,131,Вс
FL379_1756,Nordwind,54.9,87,Ср
FL115_1757,Nordwind,9.7,139,Вс
FL171_1758,Nordwind,9.9,180,Чт
FL162_1759,Nordwind,8.6,60,Чт
FL127_1760,Уральские_авиалинии,10.9,58,Ср
FL881_1761,Nordwind,0.4,279,Сб
FL164_1762,Уральские_авиалинии,3.3,172,Ср
FL699_1763,Победа,0.3,189,Пн
FL637_1764,Уральские_авиалинии,10.7,219,Вт
FL639_1765,Победа,10.7,120,Ср
FL112_1766,Nordwind,41.6,199,Чт
FL263_1767,Уральские_авиалинии,28.8,253,Пт
FL793_1768,Победа,6.3,127,Чт
FL456_1769,Аэрофлот,23.6,284,Чт
FL298_1770,Победа,3.5,136,Чт
FL210_1771,Nordwind,3.3,188,Пт
FL943_1772,Nordwind,5.3,297,Вт
FL205_1773,S7,15.5,180,Чт
FL415_1774,Аэрофлот,16.6,82,Сб
FL581_1775,Победа,14.4,114,Чт
FL380_1776,Nordwind,19.1,152,Сб
FL283_1777,Аэрофлот,9.1,210,Пн
FL852_1778,Победа,26.1,101,Пн
FL901_1779,Аэрофлот,25.3,251,Вт
FL269_1780,S7,0.7,217,Вт
FL902_1781,Nordwind,2.3,193,Чт
FL711_1782,Аэрофлот,0.4,161,Сб
FL396_1783,Nordwind,12.4,95,Чт
FL893_1784,S7,20.8,61,Пн
FL312_1785,S7,2.6,103,Пн
FL344_1786,Победа,41.8,205,Сб
FL699_1787,Nordwind,12.2,155,Вт
FL437_1788,S7,3.2,82,Вт
FL498_1789,Уральские_авиалинии,5.6,146,Ср
FL417_1790,Победа,5.5,70,Вс
FL967_1791,Nordwind,4.8,163,Вс
FL928_1792,Nordwind,3.8,155,Ср
FL958_1793,Nordwind,15.0,145,Чт
FL356_1794,Nordwind,5.2,133,Ср
FL423_1795,Аэрофлот,51.9,226,Вт
FL380_1796,Победа,3.2,174,Вс
FL864_1797,Аэрофлот,31.3,144,Пн
FL767_1798,S7,4.3,252,Пт
FL379_1799,Победа,17.5,164,Ср
FL166_1800,Аэрофлот,8.5,57,Пн
FL708_1801,Аэрофлот,22.8,285,Пн
FL671_1802,Nordwind,10.8,162,Пн
FL862_1803,Уральские_авиалинии,55.5,103,Пн
FL226_1804,Победа,3.2,166,Пт
FL355_1805,Nordwind,11.6,202,Сб
FL612_1806,S7,31.9,129,Чт
FL134_1807,Аэрофлот,2.8,261,Ср
FL665_1808,Победа,2.5,177,Пт
FL366_1809,S7,31.4,263,Вт
FL426_1810,Уральские_авиалинии,0.5,279,Вт
FL515_1811,Уральские_авиалинии,1.7,219,Ср
FL843_1812,Nordwind,7.5,57,Пн
FL147_1813,Аэрофлот,18.0,117,Пн
FL590_1814,Аэрофлот,3.7,82,Чт
FL710_1815,S7,11.5,193,Ср
FL545_1816,Уральские_авиалинии,1.0,198,Пт
FL368_1817,S7,329.2,149,Чт
FL451_1818,Уральские_авиалинии,22.1,241,Ср
FL669_1819,S7,3.2,227,Сб
FL923_1820,Уральские_авиалинии,1.6,77,Ср
FL366_1821,Nordwind,153.2,73,Чт
FL232_1822,S7,15.4,146,Пн
FL832_1823,Победа,5.8,114,Ср
FL673_1824,Nordwind,0.9,91,Пн
FL864_1825,Nordwind,62.1,108,Пн
FL446_1826,Nordwind,8.8,290,Ср
FL429_1827,Победа,6.0,146,Ср
FL863_1828,Уральские_авиалинии,45.3,295,Вс
FL656_1829,Победа,66.9,157,Вс
FL845_1830,Победа,24.3,165,Пт
FL768_1831,Победа,25.7,272,Ср
FL687_1832,Победа,3.5,122,Вс
FL158_1833,Уральские_авиалинии,27.5,238,Вт
FL578_1834,Nordwind,4.9,191,Ср
FL873_1835,S7,6.6,230,Пн
FL747_1836,Аэрофлот,17.9,163,Вс
FL131_1837,Аэрофлот,4.4,51,Вс
FL617_1838,Nordwind,44.8,180,Чт
FL540_1839,Nordwind,23.1,213,Сб
FL809_1840,Победа,4.6,270,Ср
FL526_1841,Уральские_авиалинии,2.1,212,Пт
FL111_1842,Аэрофлот,5.2,230,Сб
FL119_1843,S7,6.3,248,Пт
FL770_1844,Уральские_авиалинии,25.6,132,Сб
FL432_1845,Аэрофлот,25.3,128,Ср
FL464_1846,Уральские_авиалинии,20.3,283,Пт
FL601_1847,Уральские_авиалинии,340.7,137,Ср
FL102_1848,Nordwind,23.5,74,Вт
FL751_1849,Победа,2.6,291,Пн
FL659_1850,S7,27.7,181,Пт
FL294_1851,Nordwind,7.4,216,Чт
FL119_1852,S7,18.6,242,Пн
FL770_1853,Победа,2.6,171,Вс
FL785_1854,Победа,9.1,143,Пт
FL387_1855,Победа,8.0,94,Пн
FL268_1856,Nordwind,4.2,142,Сб
FL488_1857,S7,16.5,179,Вт
FL233_1858,Nordwind,18.9,175,Сб
FL988_1859,Победа,31.8,177,Ср
FL956_1860,Победа,27.0,199,Вс
FL953_1861,Nordwind,3.8,131,Сб
FL333_1862,Nordwind,12.0,227,Вс
FL302_1863,Аэрофлот,129.8,53,Вт
FL113_1864,S7,1.7,107,Пт
FL697_1865,S7,10.0,239,Пн
FL210_1866,S7,0.8,190,Сб
FL667_1867,Уральские_авиалинии,9.6,274,Сб
FL265_1868,Nordwind,14.9,285,Вт
FL328_1869,Победа,12.6,141,Вс
FL453_1870,S7,3.4,116,Сб
FL323_1871,Уральские_авиалинии,37.0,225,Сб
FL369_1872,Уральские_авиалинии,60.5,271,Пн
FL917_1873,S7,4.8,255,Вт
FL682_1874,Победа,17.9,110,Пн
FL499_1875,S7,8.8,269,Пт
FL720_1876,Уральские_авиалинии,5.8,143,Пт
FL382_1877,S7,4.8,117,Сб
FL213_1878,S7,15.3,130,Сб
FL320_1879,Победа,16.8,141,Чт
FL984_1880,Уральские_авиалинии,16.2,192,Ср
FL628_1881,Nordwind,20.4,291,Чт
FL346_1882,S7,10.4,113,Ср
FL473_1883,Победа,0.0,73,Сб
FL454_1884,Уральские_авиалинии,12.2,57,Ср
FL759_1885,S7,5.2,226,Ср
FL557_1886,S7,11.8,266,Пт
FL134_1887,S7,8.7,66,Вт
FL381_1888,Уральские_авиалинии,14.1,209,Пт
FL641_1889,Уральские_авиалинии,11.7,116,Вт
FL874_1890,Уральские_авиалинии,3.4,147,Сб
FL206_1891,S7,13.6,255,Сб
FL120_1892,S7,6.4,110,Вт
FL857_1893,Уральские_авиалинии,5.4,193,Вс
FL320_1894,S7,17.9,237,Вт
FL700_1895,Победа,2.2,106,Сб
FL888_1896,Победа,17.6,147,Пн
FL480_1897,Nordwind,4.7,274,Вс
FL772_1898,S7,27.2,126,Вт
FL600_1899,Уральские_авиалинии,21.5,176,Пн
FL685_1900,Уральские_авиалинии,22.9,85,Вт
FL519_1901,Победа,3.7,238,Вс
FL541_1902,S7,7.0,61,Вс
FL144_1903,Nordwind,6.3,159,Пт
FL425_1904,Аэрофлот,0.6,283,Чт
FL314_1905,Уральские_авиалинии,41.8,253,Ср
FL385_1906,S7,37.6,226,Сб
FL654_1907,Победа,52.7,121,Вс
FL140_1908,Победа,15.4,244,Чт
FL157_1909,S7,4.7,286,Чт
FL532_1910,Победа,25.0,268,Вт
FL807_1911,Уральские_авиалинии,1.5,140,Пт
FL419_1912,Nordwind,6.7,116,Ср
FL111_1913,Уральские_авиалинии,12.7,180,Сб
FL377_1914,S7,20.4,183,Вт
FL758_1915,Nordwind,126.9,114,Ср
FL312_1916,Аэрофлот,5.8,283,Чт
FL906_1917,S7,8.2,206,Пт
FL296_1918,Победа,16.0,103,Пт
FL275_1919,S7,7.3,148,Вт
FL890_1920,Nordwind,6.6,127,Вс
FL379_1921,Nordwind,1.9,202,Чт
FL403_1922,S7,31.0,130,Ср
FL650_1923,Победа,15.8,57,Ср
FL476_1924,Аэрофлот,8.8,245,Пт
FL879_1925,Аэрофлот,7.5,146,Вт
FL846_1926,Победа,0.8,59,Чт
FL632_1927,Победа,10.1,177,Ср
FL507_1928,S7,2.4,227,Пт
FL714_1929,Аэрофлот,1.1,102,Сб
FL495_1930,Победа,36.0,221,Вт
FL149_1931,S7,15.2,74,Сб
FL717_1932,S7,4.0,111,Пн
FL758_1933,Nordwind,2.7,255,Сб
FL997_1934,Уральские_авиалинии,0.1,86,Чт
FL771_1935,Nordwind,6.9,209,Вс
FL167_1936,Победа,3.4,114,Пн
FL830_1937,S7,48.1,99,Пн
FL383_1938,Победа,32.3,77,Вт
FL750_1939,Уральские_авиалинии,8.5,83,Вт
FL316_1940,Аэрофлот,4.1,63,Чт
FL727_1941,Nordwind,30.8,226,Ср
FL727_1942,S7,16.0,236,Сб
FL814_1943,Победа,12.2,183,Пн
FL436_1944,Победа,1.3,140,Пт
FL204_1945,Уральские_авиалинии,6.8,67,Вт
FL853_1946,Уральские_авиалинии,15.2,264,Пт
FL929_1947,Победа,0.7,229,Пт
FL603_1948,Nordwind,197.4,106,Ср
FL697_1949,Победа,31.1,127,Ср
FL800_1950,Уральские_авиалинии,3.4,111,Вт
FL362_1951,Nordwind,16.0,293,Вс
FL565_1952,Аэрофлот,12.3,214,Пт
FL732_1953,Победа,1.4,203,Сб
FL728_1954,Победа,2.2,148,Вс
FL471_1955,Аэрофлот,37.0,104,Вт
FL405_1956,Аэрофлот,5.3,88,Вс
FL571_1957,S7,3.5,102,Сб
FL855_1958,Nordwind,26.4,279,Сб
FL537_1959,Аэрофлот,2.2,200,Вс
FL412_1960,S7,9.6,255,Пт
FL674_1961,S7,286.8,120,Вс
FL760_1962,Победа,9.3,169,Пт
FL975_1963,Уральские_авиалинии,5.5,195,Пн
FL826_1964,Nordwind,17.8,120,Пт
FL496_1965,Победа,36.2,172,Пт
FL381_1966,Уральские_авиалинии,2.0,53,Вт
FL570_1967,Nordwind,3.8,232,Вт
FL405_1968,Nordwind,25.5,250,Ср
FL265_1969,Уральские_авиалинии,20.7,109,Сб
FL907_1970,Уральские_авиалинии,13.3,98,Пн
FL130_1971,Nordwind,5.0,94,Пн
FL871_1972,Победа,48.8,191,Ср
FL905_1973,Аэрофлот,33.6,257,Ср
FL261_1974,Победа,15.8,175,Пн
FL504_1975,Nordwind,8.5,266,Сб
FL900_1976,Уральские_авиалинии,13.6,110,Вт
FL427_1977,Nordwind,7.4,126,Сб
FL772_1978,S7,2.4,286,Вс
FL998_1979,Победа,18.8,244,Сб
FL831_1980,Победа,6.1,105,Ср
FL661_1981,Аэрофлот,7.6,75,Сб
FL555_1982,Аэрофлот,18.3,147,Вт
FL916_1983,Аэрофлот,36.0,266,Пт
FL690_1984,Уральские_авиалинии,25.7,262,Сб
FL331_1985,Уральские_авиалинии,9.2,74,Сб
FL444_1986,Уральские_авиалинии,57.0,128,Чт
FL200_1987,Nordwind,23.6,62,Вт
FL312_1988,Аэрофлот,35.1,263,Пн
FL843_1989,Уральские_авиалинии,8.3,203,Ср
FL918_1990,S7,9.8,279,Пт
FL796_1991,Уральские_авиалинии,6.3,201,Ср
FL130_1992,Победа,13.6,76,Вс
FL170_1993,Победа,0.2,230,Ср
FL376_1994,Аэрофлот,70.0,90,Вс
FL213_1995,Аэрофлот,57.6,189,Ср
FL939_1996,Nordwind,2.5,296,Пт
FL726_1997,Уральские_авиалинии,4.5,231,Вс
FL487_1998,Аэрофлот,0.3,174,Чт
FL842_1999,Nordwind,3.3,226,Вт
FL319_2000,S7,80.5,164,Чт
FL844_2001,S7,2.6,77,Вт
FL770_2002,Уральские_авиалинии,3.9,292,Пн
FL841_2003,S7,22.7,174,Вс
FL377_2004,Nordwind,24.5,77,Вт
FL403_2005,Уральские_авиалинии,9.4,248,Пн
FL265_2006,Победа,6.6,223,Чт
FL313_2007,Победа,12.8,217,Пт
FL469_2008,Победа,0.4,200,Ср
FL752_2009,Победа,15.8,156,Пн
FL322_2010,S7,5.5,147,Ср
FL157_2011,Nordwind,6.9,97,Пн
FL305_2012,Аэрофлот,6.3,150,Пн
FL653_2013,Nordwind,11.8,145,Пн
FL253_2014,Nordwind,8.7,200,Вс
FL898_2015,Nordwind,0.2,62,Чт
FL746_2016,Nordwind,32.6,233,Вт
FL991_2017,S7,0.9,199,Ср
FL803_2018,Победа,1.1,75,Пт
FL739_2019,Аэрофлот,0.2,121,Пт
FL762_2020,Nordwind,230.6,109,Пт
FL700_2021,Аэрофлот,0.7,112,Сб
FL357_2022,Победа,10.8,104,Пн
FL933_2023,Nordwind,37.4,123,Пт
FL654_2024,S7,17.3,150,Пт
FL553_2025,Аэрофлот,27.3,247,Пт
FL848_2026,S7,3.5,294,Пт
FL782_2027,Nordwind,2.4,243,Вт
FL275_2028,S7,9.3,228,Пт
FL471_2029,Аэрофлот,74.9,136,Вс
FL896_2030,Nordwind,3.0,247,Ср
FL328_2031,S7,4.1,270,Вс
FL970_2032,S7,205.7,118,Чт
FL112_2033,Nordwind,63.6,135,Ср
FL148_2034,S7,37.5,199,Чт
FL455_2035,Уральские_авиалинии,14.3,150,Ср
FL567_2036,Победа,25.4,73,Вс
FL954_2037,Nordwind,5.4,98,Пн
FL298_2038,Победа,33.4,81,Ср
FL182_2039,Nordwind,4.2,186,Вс
FL759_2040,S7,8.1,215,Пт
FL579_2041,Уральские_авиалинии,25.9,204,Чт
FL990_2042,Nordwind,3.8,165,Пт
FL406_2043,Аэрофлот,3.0,295,Пн
FL941_2044,S7,4.0,65,Ср
FL849_2045,Аэрофлот,1.1,121,Пт
FL319_2046,Уральские_авиалинии,16.7,149,Ср
FL318_2047,Nordwind,11.4,154,Пт
FL594_2048,Аэрофлот,5.4,116,Вт
FL285_2049,Победа,0.0,288,Ср
FL674_2050,Победа,3.3,257,Пн
FL168_2051,Победа,6.8,103,Вс
FL854_2052,S7,42.9,182,Вт
FL669_2053,S7,2.3,89,Пн
FL508_2054,Аэрофлот,16.2,198,Сб
FL983_2055,S7,2.0,280,Чт
FL550_2056,Победа,0.7,153,Ср
FL458_2057,Nordwind,27.9,161,Пн
FL918_2058,Nordwind,12.7,265,Пн
FL966_2059,S7,29.0,155,Чт
FL933_2060,Nordwind,23.1,282,Вс
FL797_2061,Уральские_авиалинии,0.7,261,Чт
FL129_2062,S7,33.1,203,Чт
FL313_2063,Nordwind,7.9,132,Пн
FL996_2064,Победа,4.1,270,Пт
FL518_2065,Nordwind,10.9,277,Вт
FL424_2066,Nordwind,5.5,174,Пт
FL547_2067,S7,1.3,56,Сб
FL615_2068,S7,6.3,138,Пт
FL476_2069,S7,185.6,87,Ср
FL598_2070,Аэрофлот,5.3,194,Пн
FL702_2071,S7,16.9,136,Пн
FL492_2072,S7,66.8,235,Сб
FL635_2073,Nordwind,35.6,110,Сб
FL844_2074,Уральские_авиалинии,2.5,247,Пт
FL456_2075,Победа,0.2,207,Пт
FL729_2076,Аэрофлот,4.4,50,Пн
FL179_2077,Победа,0.4,135,Сб
FL337_2078,Аэрофлот,16.1,174,Сб
FL997_2079,S7,4.1,87,Чт
FL911_2080,Nordwind,4.7,97,Сб
FL411_2081,Победа,6.7,96,Сб
FL475_2082,S7,9.8,190,Чт
FL102_2083,Победа,5.3,185,Вт
FL324_2084,Уральские_авиалинии,4.0,192,Сб
FL693_2085,Уральские_авиалинии,0.4,269,Вс
FL631_2086,Nordwind,1.8,150,Пт
FL273_2087,Уральские_авиалинии,18.6,117,Вт
FL475_2088,S7,252.9,251,Сб
FL540_2089,Nordwind,13.6,281,Вс
FL743_2090,Аэрофлот,13.1,219,Вс
FL890_2091,Уральские_авиалинии,1.0,178,Вс
FL877_2092,Аэрофлот,36.7,62,Вс
FL106_2093,Аэрофлот,5.5,161,Пт
FL421_2094,Уральские_авиалинии,23.2,65,Пн
FL884_2095,Победа,42.2,167,Пн
FL242_2096,Победа,5.9,98,Вт
FL744_2097,S7,1.2,289,Вс
FL687_2098,Победа,8.8,155,Вс
FL773_2099,S7,11.2,127,Ср
FL673_2100,Уральские_авиалинии,2.5,173,Вс
FL267_2101,Аэрофлот,12.8,298,Сб
FL775_2102,Победа,0.0,229,Вс
FL106_2103,Аэрофлот,19.9,79,Пт
FL206_2104,Аэрофлот,36.1,122,Чт
FL203_2105,Аэрофлот,6.4,206,Пт
FL961_2106,Победа,11.9,222,Сб
FL143_2107,Nordwind,29.7,260,Чт
FL200_2108,Аэрофлот,4.5,107,Пт
FL934_2109,Nordwind,7.0,282,Пт
FL255_2110,Победа,7.5,250,Чт
FL631_2111,Аэрофлот,9.1,251,Сб
FL736_2112,Уральские_авиалинии,11.1,132,Пн
FL874_2113,Nordwind,30.6,291,Ср
FL284_2114,S7,11.4,168,Пн
FL924_2115,Уральские_авиалинии,1.6,97,Вт
FL909_2116,Аэрофлот,1.6,203,Пт
FL643_2117,Nordwind,9.6,287,Сб
FL420_2118,S7,5.2,115,Ср
FL117_2119,S7,6.6,228,Ср
FL814_2120,Аэрофлот,14.9,58,Сб
FL607_2121,Аэрофлот,12.4,58,Ср
FL580_2122,Уральские_авиалинии,20.0,256,Сб
FL552_2123,S7,17.6,265,Вс
FL945_2124,Уральские_авиалинии,7.2,96,Пн
FL541_2125,Победа,28.7,243,Ср
FL814_2126,Аэрофлот,19.4,298,Пн
FL193_2127,Nordwind,10.0,54,Пн
FL177_2128,Победа,20.6,246,Пт
FL956_2129,Уральские_авиалинии,1.0,171,Сб
FL398_2130,S7,7.2,139,Пт
FL876_2131,Победа,8.8,69,Чт
FL187_2132,Nordwind,31.5,98,Пн
FL176_2133,Победа,122.2,280,Вс
FL541_2134,Аэрофлот,11.9,88,Чт
FL663_2135,S7,7.1,226,Ср
FL184_2136,Победа,5.1,147,Пт
FL530_2137,S7,53.1,163,Вс
FL903_2138,Победа,11.6,299,Чт
FL396_2139,Победа,330.1,114,Ср
FL391_2140,Уральские_авиалинии,327.3,91,Ср
FL147_2141,Уральские_авиалинии,17.3,257,Ср
FL848_2142,Уральские_авиалинии,2.0,108,Пн
FL321_2143,Nordwind,11.9,261,Ср
FL441_2144,S7,4.3,53,Сб
FL284_2145,Победа,0.4,239,Вт
FL940_2146,Уральские_авиалинии,53.7,143,Вт
FL154_2147,Nordwind,12.0,266,Чт
FL609_2148,S7,9.1,215,Пт
FL140_2149,Уральские_авиалинии,9.6,248,Вт
FL406_2150,Уральские_авиалинии,0.4,264,Ср
FL997_2151,Аэрофлот,7.1,281,Чт
FL888_2152,S7,13.1,271,Вс
FL720_2153,Аэрофлот,10.0,153,Пн
FL333_2154,S7,19.1,179,Чт
FL917_2155,Аэрофлот,39.3,83,Вс
FL531_2156,Победа,28.1,170,Пт
FL605_2157,Аэрофлот,0.8,167,Ср
FL699_2158,Уральские_авиалинии,13.5,225,Сб
FL311_2159,Уральские_авиалинии,27.0,197,Пн
FL415_2160,S7,63.9,58,Ср
FL620_2161,Уральские_авиалинии,25.2,282,Вс
FL873_2162,S7,0.2,90,Вт
FL823_2163,S7,30.7,140,Вт
FL279_2164,S7,38.5,229,Ср
FL458_2165,Аэрофлот,35.7,156,Чт
FL837_2166,Победа,51.1,71,Вт
FL676_2167,Аэрофлот,6.7,122,Пн
FL229_2168,Аэрофлот,3.1,183,Чт
FL913_2169,Аэрофлот,146.8,247,Пт
FL664_2170,Nordwind,0.4,269,Вт
FL237_2171,Победа,21.0,251,Сб
FL831_2172,Аэрофлот,0.0,83,Сб
FL185_2173,Аэрофлот,215.5,148,Вс
FL938_2174,S7,5.1,274,Вт
FL353_2175,Победа,27.4,98,Сб
FL161_2176,Уральские_авиалинии,1.3,174,Пт
FL471_2177,Nordwind,9.3,238,Сб
FL358_2178,Аэрофлот,8.5,167,Сб
FL256_2179,Аэрофлот,14.9,293,Пн
FL997_2180,Победа,18.3,237,Ср
FL327_2181,Уральские_авиалинии,1.0,64,Сб
FL883_2182,Nordwind,0.7,262,Ср
FL983_2183,S7,4.2,112,Ср
FL623_2184,Nordwind,5.1,156,Ср
FL737_2185,S7,3.2,70,Сб
FL875_2186,S7,31.1,150,Пн
FL404_2187,Победа,2.3,216,Вс
FL519_2188,Уральские_авиалинии,121.1,286,Сб
FL539_2189,Победа,20.1,85,Пн
FL535_2190,S7,226.3,156,Вт
FL338_2191,Победа,12.1,51,Пт
FL883_2192,Победа,2.6,186,Чт
FL699_2193,S7,66.6,223,Пт
FL895_2194,Аэрофлот,4.9,198,Вс
FL692_2195,Уральские_авиалинии,21.5,141,Пн
FL981_2196,Аэрофлот,34.9,109,Вт
FL765_2197,S7,13.9,234,Вт
FL228_2198,Nordwind,3.9,130,Пт
FL670_2199,S7,20.6,249,Пт
FL976_2200,Nordwind,28.3,231,Вт
FL307_2201,Уральские_авиалинии,10.3,173,Пн
FL336_2202,Nordwind,9.7,245,Вс
FL805_2203,Аэрофлот,3.7,253,Сб
FL487_2204,Победа,8.5,267,Пт
FL629_2205,Аэрофлот,24.5,89,Пт
FL172_2206,Победа,14.7,124,Вт
FL229_2207,Аэрофлот,13.0,168,Сб
FL939_2208,S7,14.3,239,Вт
FL200_2209,Победа,5.6,88,Сб
FL278_2210,S7,0.2,127,Пт
FL757_2211,Nordwind,9.3,85,Чт
FL408_2212,Аэрофлот,0.1,267,Вс
FL983_2213,Аэрофлот,15.4,260,Чт
FL698_2214,Аэрофлот,17.1,162,Чт
FL903_2215,Уральские_авиалинии,6.9,198,Вт
FL951_2216,S7,10.4,143,Чт
FL372_2217,Победа,16.5,187,Ср
FL459_2218,S7,11.8,176,Пт
FL778_2219,Аэрофлот,5.7,273,Вс
FL752_2220,Победа,35.4,129,Вт
FL131_2221,Аэрофлот,26.0,128,Ср
FL221_2222,S7,40.3,189,Вс
FL797_2223,S7,5.2,190,Пт
FL438_2224,Nordwind,11.5,254,Вт
FL853_2225,Аэрофлот,31.8,177,Пт
FL918_2226,Nordwind,63.8,178,Пн
FL617_2227,Уральские_авиалинии,8.6,223,Ср
FL857_2228,Аэрофлот,2.9,205,Ср
FL699_2229,Nordwind,2.6,203,Чт
FL440_2230,Уральские_авиалинии,36.2,194,Пн
FL408_2231,S7,10.6,126,Сб
FL376_2232,Победа,0.7,268,Сб
FL458_2233,Nordwind,2.6,65,Вт
FL342_2234,S7,2.1,68,Пт
FL115_2235,S7,49.2,299,Ср
FL121_2236,S7,13.6,293,Вс
FL619_2237,Победа,6.8,190,Пт
FL503_2238,Nordwind,5.6,132,Пт
FL746_2239,Победа,0.3,79,Вс
FL570_2240,Победа,16.4,161,Сб
FL484_2241,S7,25.5,226,Ср
FL477_2242,Nordwind,34.4,133,Ср
FL327_2243,Аэрофлот,6.4,51,Вт
FL211_2244,Уральские_авиалинии,16.5,107,Пн
FL901_2245,Победа,17.8,255,Вт
FL918_2246,Уральские_авиалинии,0.3,138,Чт
FL314_2247,Nordwind,3.3,230,Сб
FL564_2248,S7,13.3,156,Вт
FL745_2249,Уральские_авиалинии,11.9,133,Сб
FL412_2250,S7,20.6,110,Сб
FL364_2251,Победа,0.6,77,Пн
FL530_2252,S7,2.9,201,Ср
FL447_2253,Уральские_авиалинии,2.8,195,Сб
FL882_2254,S7,2.1,223,Вт
FL126_2255,S7,96.0,207,Пн
FL632_2256,Победа,8.2,60,Ср
FL877_2257,Nordwind,28.6,249,Сб
FL604_2258,Nordwind,1.7,61,Сб
FL124_2259,Победа,6.4,271,Пн
FL849_2260,Победа,6.6,131,Ср
FL577_2261,Аэрофлот,6.4,224,Сб
FL224_2262,Аэрофлот,6.3,103,Вс
FL960_2263,Аэрофлот,10.0,89,Вс
FL393_2264,Nordwind,0.8,281,Вт
FL919_2265,Nordwind,18.3,90,Чт
FL977_2266,Уральские_авиалинии,15.4,122,Вс
FL193_2267,Аэрофлот,300.0,127,Пн
FL391_2268,Уральские_авиалинии,2.1,104,Пн
FL567_2269,S7,15.8,91,Вт
FL941_2270,Уральские_авиалинии,2.8,160,Пн
FL994_2271,Nordwind,18.0,63,Пн
FL844_2272,Nordwind,10.2,143,Ср
FL182_2273,S7,6.6,203,Вт
FL298_2274,Уральские_авиалинии,28.6,191,Вс
FL605_2275,Аэрофлот,3.4,211,Вс
FL607_2276,Победа,7.7,154,Пн
FL631_2277,S7,2.2,157,Чт
FL577_2278,Победа,48.5,81,Вт
FL505_2279,S7,1.4,253,Пн
FL225_2280,Nordwind,9.0,249,Пн
FL546_2281,Уральские_авиалинии,4.7,55,Чт
FL586_2282,Победа,28.3,68,Ср
FL938_2283,Уральские_авиалинии,7.6,231,Пн
FL771_2284,Победа,27.4,139,Вс
FL219_2285,Победа,46.3,130,Пн
FL249_2286,Nordwind,17.5,272,Чт
FL461_2287,Аэрофлот,278.7,177,Пн
FL267_2288,Уральские_авиалинии,39.2,267,Пт
FL330_2289,Nordwind,0.8,249,Чт
FL689_2290,S7,3.3,176,Сб
FL152_2291,Nordwind,50.1,251,Чт
FL208_2292,S7,20.3,115,Вс
FL860_2293,Победа,5.0,163,Вт
FL369_2294,Аэрофлот,9.5,145,Вт
FL714_2295,Победа,22.0,161,Пн
FL759_2296,Аэрофлот,25.4,222,Сб
FL388_2297,Уральские_авиалинии,41.2,178,Ср
FL208_2298,Уральские_авиалинии,6.1,141,Пт
FL770_2299,Уральские_авиалинии,5.1,252,Пн
FL432_2300,S7,7.4,291,Пт
FL992_2301,Победа,8.4,286,Сб
FL165_2302,Аэрофлот,10.9,140,Вт
FL659_2303,Уральские_авиалинии,6.6,169,Пт
FL349_2304,Nordwind,265.6,233,Чт
FL261_2305,Аэрофлот,5.8,109,Сб
FL954_2306,Уральские_авиалинии,26.6,69,Пт
FL713_2307,Nordwind,16.9,186,Ср
FL581_2308,Уральские_авиалинии,24.3,249,Вт
FL473_2309,S7,4.0,271,Сб
FL890_2310,Nordwind,27.2,259,Вт
FL849_2311,Nordwind,26.5,122,Вс
FL547_2312,Аэрофлот,13.4,151,Пт
FL698_2313,Победа,9.4,297,Вс
FL733_2314,Аэрофлот,1.9,230,Ср
FL168_2315,Победа,11.2,89,Ср
FL668_2316,Уральские_авиалинии,10.4,187,Пн
FL887_2317,S7,18.9,77,Вс
FL568_2318,Победа,3.3,137,Сб
FL796_2319,Nordwind,12.3,97,Чт
FL469_2320,S7,17.0,272,Ср
FL660_2321,Уральские_авиалинии,26.1,238,Пт
FL570_2322,Уральские_авиалинии,25.0,184,Вт
FL234_2323,Победа,4.2,79,Ср
FL919_2324,Nordwind,18.9,172,Вс
FL287_2325,Nordwind,6.1,211,Сб
FL937_2326,S7,6.2,54,Вт
FL577_2327,Уральские_авиалинии,20.9,272,Ср
FL146_2328,Nordwind,5.6,247,Вт
FL880_2329,Уральские_авиалинии,13.5,235,Пт
FL864_2330,Nordwind,1.0,262,Вс
FL777_2331,Nordwind,28.9,106,Сб
FL428_2332,Nordwind,24.7,275,Сб
FL832_2333,Nordwind,12.4,127,Ср
FL618_2334,S7,7.2,130,Пт
FL802_2335,S7,12.9,188,Пн
FL944_2336,Уральские_авиалинии,23.4,242,Вс
FL749_2337,Nordwind,14.5,172,Чт
FL727_2338,Уральские_авиалинии,20.2,186,Пн
FL661_2339,Аэрофлот,52.7,299,Чт
FL178_2340,Аэрофлот,3.9,233,Ср
FL742_2341,Победа,26.3,247,Пт
FL434_2342,S7,27.1,266,Ср
FL406_2343,S7,7.4,207,Вс
FL739_2344,Nordwind,17.3,230,Ср
FL720_2345,Победа,0.2,89,Сб
FL812_2346,Nordwind,1.6,260,Пт
FL869_2347,S7,8.8,216,Сб
FL466_2348,Уральские_авиалинии,1.8,75,Пн
FL467_2349,S7,8.6,279,Вт
FL457_2350,Уральские_авиалинии,28.8,90,Чт
FL696_2351,S7,21.5,53,Пн
FL717_2352,Nordwind,5.7,218,Ср
FL909_2353,S7,32.7,130,Чт
FL829_2354,Аэрофлот,14.0,291,Сб
FL206_2355,Победа,2.6,207,Сб
FL162_2356,Аэрофлот,1.1,126,Сб
FL979_2357,Nordwind,23.4,227,Чт
FL840_2358,S7,19.8,146,Сб
FL335_2359,Nordwind,6.5,174,Пт
FL834_2360,Аэрофлот,7.1,51,Вс
FL502_2361,Nordwind,18.0,158,Пн
FL960_2362,Уральские_авиалинии,6.2,75,Сб
FL364_2363,Аэрофлот,9.4,172,Пт
FL169_2364,Аэрофлот,21.3,99,Пт
FL946_2365,Уральские_авиалинии,4.6,279,Ср
FL302_2366,Уральские_авиалинии,2.1,181,Вт
FL802_2367,Победа,6.2,243,Вс
FL982_2368,Аэрофлот,17.8,195,Пн
FL942_2369,Уральские_авиалинии,12.4,251,Вс
FL181_2370,Победа,26.4,232,Вт
FL531_2371,Аэрофлот,2.6,107,Пн
FL993_2372,Победа,2.1,101,Пн
FL951_2373,Уральские_авиалинии,4.6,271,Пн
FL815_2374,Nordwind,12.8,293,Пт
FL840_2375,Аэрофлот,9.5,104,Пн
FL451_2376,Аэрофлот,20.1,296,Чт
FL132_2377,Аэрофлот,6.9,161,Ср
FL386_2378,Аэрофлот,236.3,156,Пн
FL753_2379,Уральские_авиалинии,51.6,135,Чт
FL201_2380,S7,19.5,281,Пн
FL730_2381,Победа,9.1,188,Вт
FL681_2382,Уральские_авиалинии,6.0,136,Сб
FL923_2383,Nordwind,23.1,56,Ср
FL717_2384,S7,6.6,92,Чт
FL234_2385,Nordwind,4.6,226,Чт
FL739_2386,Nordwind,17.6,200,Сб
FL842_2387,Победа,13.0,135,Пн
FL107_2388,Nordwind,7.8,161,Сб
FL555_2389,Nordwind,23.1,284,Вт
FL590_2390,Победа,9.5,293,Вс
FL937_2391,Nordwind,14.9,76,Сб
FL233_2392,Уральские_авиалинии,24.3,172,Пт
FL433_2393,S7,359.2,123,Сб
FL125_2394,S7,10.2,134,Чт
FL107_2395,S7,22.7,192,Чт
FL263_2396,Уральские_авиалинии,13.9,172,Пт
FL430_2397,Уральские_авиалинии,2.3,245,Ср
FL934_2398,Аэрофлот,3.0,182,Сб
FL802_2399,Уральские_авиалинии,26.7,66,Пт
FL991_2400,Nordwind,333.3,214,Пт
FL975_2401,Аэрофлот,29.8,240,Ср
FL666_2402,Nordwind,2.3,103,Чт
FL143_2403,Уральские_авиалинии,9.0,73,Вс
FL131_2404,Аэрофлот,12.0,295,Чт
FL242_2405,Уральские_авиалинии,1.0,101,Вт
FL493_2406,Nordwind,13.4,140,Ср
FL872_2407,Уральские_авиалинии,4.3,208,Пн
FL561_2408,Nordwind,0.8,139,Пт
FL116_2409,Победа,9.6,223,Пн
FL314_2410,S7,5.7,57,Вс
FL767_2411,Аэрофлот,7.3,98,Чт
FL928_2412,Nordwind,4.4,116,Ср
FL423_2413,S7,2.2,67,Пн
FL823_2414,Nordwind,10.4,196,Чт
FL882_2415,Уральские_авиалинии,2.4,73,Вт
FL130_2416,S7,1.4,208,Ср
FL302_2417,Аэрофлот,0.3,208,Сб
FL548_2418,Победа,16.5,76,Вс
FL534_2419,Победа,10.5,145,Пт
FL866_2420,Победа,39.5,266,Чт
FL707_2421,Аэрофлот,272.8,73,Вс
FL811_2422,Nordwind,35.4,191,Пн
FL627_2423,Nordwind,12.2,156,Пт
FL393_2424,Аэрофлот,0.3,63,Вс
FL547_2425,S7,2.3,212,Пн
FL290_2426,Победа,4.0,98,Пн
FL331_2427,Победа,21.7,136,Чт
FL141_2428,Уральские_авиалинии,46.0,68,Ср
FL745_2429,S7,9.3,289,Чт
FL752_2430,Победа,11.0,251,Вс
FL362_2431,Аэрофлот,16.1,186,Пт
FL911_2432,S7,5.6,242,Вт
FL213_2433,S7,14.4,90,Пт
FL782_2434,S7,36.0,184,Сб
FL227_2435,Аэрофлот,51.4,85,Вс
FL711_2436,Уральские_авиалинии,4.4,231,Чт
FL699_2437,Аэрофлот,4.7,275,Чт
FL775_2438,Nordwind,28.9,236,Пн
FL922_2439,Аэрофлот,3.0,200,Пн
FL498_2440,Уральские_авиалинии,1.2,242,Пт
FL107_2441,S7,5.3,104,Пт
FL917_2442,S7,6.6,214,Чт
FL356_2443,Аэрофлот,17.4,178,Ср
FL358_2444,Nordwind,2.6,195,Чт
FL741_2445,Nordwind,144.0,77,Ср
FL251_2446,Победа,11.2,133,Сб
FL911_2447,Аэрофлот,12.0,168,Ср
FL479_2448,Nordwind,13.9,105,Пт
FL535_2449,Победа,9.2,132,Вт
FL496_2450,Аэрофлот,13.2,270,Чт
FL709_2451,Аэрофлот,237.8,144,Вт
FL780_2452,Победа,13.8,140,Сб
FL596_2453,S7,31.4,247,Ср
FL428_2454,Уральские_авиалинии,10.6,164,Пт
FL865_2455,Уральские_авиалинии,9.7,133,Пт
FL334_2456,Nordwind,10.6,281,Ср
FL247_2457,Уральские_авиалинии,24.5,66,Ср
FL820_2458,Аэрофлот,2.8,240,Вс
FL504_2459,Уральские_авиалинии,3.9,60,Сб
FL445_2460,Уральские_авиалинии,4.6,284,Вт
FL632_2461,S7,6.7,247,Ср
FL586_2462,Аэрофлот,12.6,248,Пн
FL114_2463,Аэрофлот,31.5,74,Ср
FL924_2464,S7,26.0,186,Чт
FL406_2465,S7,4.0,264,Вс
FL186_2466,Уральские_авиалинии,18.6,264,Вт
FL971_2467,Уральские_авиалинии,11.3,66,Чт
FL800_2468,Победа,8.3,296,Вт
FL401_2469,Победа,0.1,294,Ср
FL789_2470,Уральские_авиалинии,18.2,116,Пн
FL116_2471,Уральские_авиалинии,14.6,295,Чт
FL377_2472,Победа,4.1,76,Вс
FL277_2473,Nordwind,6.1,187,Ср
FL674_2474,S7,15.6,148,Чт
FL856_2475,Nordwind,5.6,245,Вс
FL572_2476,Уральские_авиалинии,15.9,291,Пт
FL307_2477,S7,10.5,271,Ср
FL813_2478,Уральские_авиалинии,3.0,181,Чт
FL371_2479,Уральские_авиалинии,8.7,114,Вс
FL542_2480,Победа,14.8,272,Вт
FL313_2481,Уральские_авиалинии,48.3,191,Ср
FL108_2482,Победа,4.2,220,Ср
FL302_2483,Nordwind,21.6,240,Вт
FL234_2484,Уральские_авиалинии,30.9,60,Пн
FL116_2485,Nordwind,41.3,272,Вс
FL161_2486,S7,0.1,94,Сб
FL264_2487,Nordwind,5.1,103,Вс
FL654_2488,Уральские_авиалинии,10.5,134,Пн
FL493_2489,S7,269.5,146,Пт
FL824_2490,Уральские_авиалинии,0.3,248,Вт
FL905_2491,Уральские_авиалинии,10.6,66,Пн
FL735_2492,Nordwind,11.3,137,Чт
FL798_2493,Победа,9.7,62,Вс
FL625_2494,Аэрофлот,1.0,221,Вт
FL968_2495,Победа,14.2,213,Вс
FL818_2496,Аэрофлот,40.6,192,Ср
FL586_2497,Аэрофлот,25.3,271,Сб
FL134_2498,Nordwind,25.9,126,Ср
FL717_2499,Уральские_авиалинии,60.5,59,Вс
FL731_2500,Уральские_авиалинии,24.9,153,Пт
FL352_2501,Nordwind,36.4,163,Чт
FL415_2502,Победа,18.3,114,Ср
FL184_2503,Уральские_авиалинии,356.1,221,Пн
FL983_2504,Аэрофлот,11.4,76,Чт
FL384_2505,Nordwind,6.7,200,Пн
FL778_2506,Уральские_авиалинии,2.4,110,Чт
FL719_2507,S7,45.6,234,Чт
FL504_2508,Победа,0.1,230,Сб
FL212_2509,Nordwind,56.0,133,Вт
FL355_2510,Победа,201.8,237,Чт
FL648_2511,Nordwind,12.3,125,Пт
FL341_2512,S7,32.9,83,Вс
FL189_2513,Аэрофлот,254.0,198,Вт
FL299_2514,Аэрофлот,1.3,68,Ср
FL247_2515,Победа,59.5,288,Ср
FL576_2516,S7,14.3,52,Вт
FL894_2517,Аэрофлот,8.4,295,Пн
FL236_2518,Уральские_авиалинии,12.2,263,Вс
FL412_2519,Nordwind,32.9,124,Пт
FL552_2520,Аэрофлот,5.1,75,Ср
FL933_2521,Победа,43.7,162,Ср
FL496_2522,Уральские_авиалинии,0.1,104,Ср
FL125_2523,Аэрофлот,12.1,227,Чт
FL510_2524,S7,5.4,67,Пт
FL511_2525,Уральские_авиалинии,47.7,185,Сб
FL186_2526,Уральские_авиалинии,27.4,218,Вс
FL889_2527,Победа,1.2,140,Вт
FL369_2528,Победа,1.5,289,Вс
FL209_2529,Nordwind,12.8,58,Чт
FL955_2530,S7,15.2,282,Пн
FL665_2531,Уральские_авиалинии,10.9,258,Пт
FL362_2532,Победа,9.7,170,Сб
FL857_2533,S7,26.9,184,Пн
FL207_2534,Nordwind,16.2,194,Вт
FL744_2535,Уральские_авиалинии,291.1,124,Сб
FL507_2536,Уральские_авиалинии,7.2,167,Чт
FL942_2537,Уральские_авиалинии,5.7,78,Сб
FL683_2538,Победа,4.5,207,Вс
FL442_2539,S7,25.9,59,Ср
FL137_2540,Уральские_авиалинии,2.8,109,Пт
FL619_2541,Уральские_авиалинии,2.2,113,Сб
FL747_2542,Уральские_авиалинии,4.7,160,Пт
FL947_2543,Уральские_авиалинии,4.7,89,Ср
FL908_2544,Победа,36.3,53,Пн
FL905_2545,Аэрофлот,7.1,185,Вт
FL151_2546,Аэрофлот,358.2,147,Чт
FL870_2547,Аэрофлот,1.7,127,Чт
FL630_2548,S7,4.2,293,Ср
FL780_2549,Аэрофлот,2.4,73,Пт
FL656_2550,Победа,19.9,204,Ср
FL317_2551,Победа,8.7,153,Чт
FL203_2552,Победа,9.7,297,Пн
FL725_2553,Аэрофлот,5.9,61,Ср
FL205_2554,S7,11.8,254,Чт
FL796_2555,Nordwind,12.8,174,Вс
FL243_2556,Победа,73.8,284,Ср
FL200_2557,Nordwind,1.5,229,Пт
FL925_2558,Nordwind,21.9,262,Вт
FL368_2559,Nordwind,1.5,256,Ср
FL979_2560,Уральские_авиалинии,23.3,152,Пт
FL951_2561,S7,4.2,166,Чт
FL659_2562,Победа,15.4,294,Пн
FL464_2563,Уральские_авиалинии,7.7,189,Вт
FL831_2564,Nordwind,14.0,84,Ср
FL966_2565,Аэрофлот,8.1,192,Пн
FL287_2566,Аэрофлот,10.6,206,Ср
FL373_2567,Победа,6.2,256,Пн
FL257_2568,Nordwind,14.1,267,Пт
FL779_2569,Уральские_авиалинии,56.2,260,Чт
FL451_2570,Nordwind,54.7,282,Пт
FL396_2571,Nordwind,26.6,292,Пн
FL667_2572,Победа,3.8,268,Сб
FL628_2573,Nordwind,18.1,144,Ср
FL845_2574,Уральские_авиалинии,0.8,293,Сб
FL457_2575,Победа,1.4,103,Вс
FL143_2576,Аэрофлот,2.5,242,Пт
FL892_2577,S7,11.2,141,Вт
FL956_2578,Уральские_авиалинии,1.2,116,Чт
FL794_2579,Победа,17.7,100,Вт
FL421_2580,Уральские_авиалинии,9.7,169,Чт
FL115_2581,Nordwind,8.1,277,Пн
FL718_2582,Уральские_авиалинии,19.0,228,Пн
FL880_2583,Аэрофлот,2.6,241,Чт
FL488_2584,Nordwind,5.7,161,Пт
FL847_2585,Nordwind,9.5,289,Пт
FL638_2586,Уральские_авиалинии,4.1,69,Чт
FL201_2587,Nordwind,4.6,220,Пн
FL997_2588,Уральские_авиалинии,4.5,141,Вт
FL280_2589,Nordwind,17.1,76,Пт
FL527_2590,Аэрофлот,15.9,211,Пн
FL262_2591,Аэрофлот,1.0,105,Сб
FL641_2592,Победа,17.7,194,Вт
FL258_2593,S7,21.4,278,Ср
FL768_2594,Аэрофлот,27.3,185,Пт
FL637_2595,S7,20.1,128,Пт
FL318_2596,Уральские_авиалинии,27.6,106,Чт
FL328_2597,S7,3.2,133,Ср
FL127_2598,S7,15.2,271,Ср
FL794_2599,Аэрофлот,21.1,152,Чт
FL685_2600,Уральские_авиалинии,4.6,183,Вс
FL308_2601,S7,39.6,63,Пн
FL498_2602,Nordwind,3.9,126,Сб
FL856_2603,Аэрофлот,7.4,169,Пт
FL925_2604,Уральские_авиалинии,8.0,239,Пт
FL894_2605,Победа,4.6,68,Вт
FL554_2606,Победа,5.0,130,Чт
FL362_2607,S7,16.7,269,Вт
FL202_2608,Победа,5.3,139,Вс
FL373_2609,S7,31.7,128,Вс
FL582_2610,Nordwind,1.8,185,Сб
FL326_2611,Уральские_авиалинии,4.4,250,Ср
FL513_2612,S7,9.1,178,Пн
FL202_2613,S7,1.1,294,Пн
FL981_2614,Аэрофлот,22.4,107,Пт
FL328_2615,Nordwind,33.6,237,Ср
FL214_2616,Аэрофлот,24.0,106,Сб
FL800_2617,Аэрофлот,31.1,252,Пн
FL667_2618,S7,316.8,225,Пт
FL975_2619,S7,49.2,150,Ср
FL580_2620,S7,38.3,218,Сб
FL438_2621,Уральские_авиалинии,11.9,264,Вс
FL919_2622,Nordwind,33.9,162,Вт
FL601_2623,Nordwind,11.1,297,Пт
FL975_2624,Аэрофлот,14.1,126,Сб
FL995_2625,Аэрофлот,34.9,67,Вс
FL143_2626,Уральские_авиалинии,23.9,188,Сб
FL960_2627,Аэрофлот,8.6,282,Пн
FL462_2628,Уральские_авиалинии,19.4,119,Сб
FL829_2629,Nordwind,0.4,150,Пт
FL918_2630,Победа,5.9,161,Чт
FL603_2631,S7,71.1,276,Ср
FL868_2632,S7,12.8,189,Вт
FL834_2633,Nordwind,33.9,215,Вс
FL250_2634,Победа,28.2,218,Вт
FL963_2635,S7,16.9,292,Вт
FL302_2636,Nordwind,7.2,62,Сб
FL120_2637,Nordwind,5.4,202,Ср
FL854_2638,Уральские_авиалинии,25.0,120,Сб
FL922_2639,S7,21.2,215,Пн
FL357_2640,Nordwind,21.3,282,Чт
FL505_2641,Nordwind,4.2,155,Пн
FL140_2642,Nordwind,0.6,103,Пт
FL718_2643,S7,4.4,296,Сб
FL485_2644,Победа,18.3,242,Пн
FL361_2645,Уральские_авиалинии,22.5,82,Пн
FL397_2646,Nordwind,5.2,115,Пт
FL485_2647,S7,0.4,292,Чт
FL870_2648,Победа,1.5,253,Вт
FL948_2649,Уральские_авиалинии,20.2,85,Вс
FL697_2650,S7,4.8,264,Вт
FL443_2651,S7,13.9,229,Вс
FL526_2652,Победа,3.4,193,Пт
FL696_2653,Уральские_авиалинии,6.0,291,Сб
FL455_2654,S7,18.3,148,Ср
FL306_2655,S7,2.7,253,Пт
FL925_2656,S7,71.6,277,Пт
FL773_2657,Победа,9.7,290,Вс
FL417_2658,Уральские_авиалинии,25.8,276,Вс
FL875_2659,Аэрофлот,4.1,85,Сб
FL616_2660,S7,23.4,119,Сб
FL763_2661,S7,5.0,150,Вт
FL610_2662,Победа,13.3,264,Вс
FL437_2663,S7,43.6,91,Сб
FL146_2664,Победа,58.7,230,Пт
FL662_2665,Уральские_авиалинии,3.7,291,Вс
FL220_2666,Nordwind,5.3,145,Вс
FL339_2667,S7,14.3,139,Чт
FL970_2668,S7,18.9,83,Чт
FL901_2669,Победа,9.8,54,Пт
FL396_2670,S7,0.7,194,Пт
FL849_2671,Победа,8.3,141,Пн
FL184_2672,Аэрофлот,7.6,53,Сб
FL500_2673,Уральские_авиалинии,19.1,123,Ср
FL637_2674,Уральские_авиалинии,23.5,279,Ср
FL111_2675,Победа,25.3,110,Чт
FL352_2676,Nordwind,5.1,273,Чт
FL616_2677,Nordwind,21.2,88,Пт
FL411_2678,S7,14.6,263,Чт
FL335_2679,Nordwind,11.1,118,Вс
FL718_2680,Nordwind,23.4,259,Вс
FL874_2681,Уральские_авиалинии,0.2,134,Пт
FL621_2682,Уральские_авиалинии,31.1,212,Пн
FL249_2683,Победа,14.3,208,Пн
FL706_2684,Уральские_авиалинии,2.4,134,Пт
FL427_2685,Уральские_авиалинии,3.7,286,Сб
FL513_2686,Аэрофлот,32.5,215,Вт
FL876_2687,Аэрофлот,18.8,203,Вс
FL535_2688,Nordwind,14.0,55,Ср
FL513_2689,Уральские_авиалинии,23.8,289,Пт
FL383_2690,Победа,20.3,138,Сб
FL118_2691,S7,2.8,118,Ср
FL364_2692,Аэрофлот,76.1,231,Пн
FL370_2693,Уральские_авиалинии,6.1,140,Сб
FL110_2694,Аэрофлот,12.2,275,Вс
FL844_2695,Победа,15.1,135,Вс
FL316_2696,Уральские_авиалинии,15.0,200,Сб
FL586_2697,Nordwind,30.2,174,Вт
FL210_2698,Уральские_авиалинии,10.1,276,Ср
FL669_2699,Победа,10.1,54,Ср
FL300_2700,Nordwind,6.2,75,Пт
FL135_2701,Аэрофлот,1.9,206,Чт
FL890_2702,Аэрофлот,15.6,293,Пт
FL496_2703,Уральские_авиалинии,17.0,195,Чт
FL265_2704,Уральские_авиалинии,6.0,69,Вт
FL311_2705,Уральские_авиалинии,0.5,205,Чт
FL895_2706,Аэрофлот,53.9,218,Ср
FL638_2707,Nordwind,39.6,182,Вт
FL699_2708,Победа,0.5,284,Вт
FL923_2709,S7,1.0,250,Сб
FL502_2710,Победа,41.5,214,Пт
FL397_2711,Аэрофлот,14.1,158,Вс
FL560_2712,Nordwind,4.0,258,Вс
FL159_2713,Nordwind,5.7,105,Сб
FL138_2714,Аэрофлот,13.4,295,Ср
FL529_2715,Уральские_авиалинии,15.4,104,Вт
FL798_2716,Победа,27.6,229,Пн
FL849_2717,Уральские_авиалинии,10.2,299,Сб
FL801_2718,S7,5.6,264,Вс
FL875_2719,Nordwind,30.3,124,Вт
FL769_2720,S7,12.6,276,Пт
FL892_2721,Уральские_авиалинии,34.6,209,Пн
FL655_2722,Nordwind,26.1,124,Вс
FL333_2723,Nordwind,8.7,224,Сб
FL833_2724,Уральские_авиалинии,23.0,238,Ср
FL405_2725,Победа,10.4,73,Пн
FL392_2726,Nordwind,37.1,205,Пн
FL359_2727,Уральские_авиалинии,31.0,190,Вт
FL271_2728,Победа,18.8,138,Вс
FL683_2729,Уральские_авиалинии,1.7,250,Вт
FL941_2730,Аэрофлот,21.4,63,Пн
FL917_2731,Аэрофлот,8.3,114,Пн
FL967_2732,Уральские_авиалинии,5.8,228,Вс
FL476_2733,Победа,7.7,210,Сб
FL412_2734,S7,6.4,115,Ср
FL477_2735,Победа,32.1,141,Сб
FL150_2736,Победа,1.6,78,Пн
FL465_2737,Nordwind,23.0,112,Вт
FL419_2738,Nordwind,2.8,207,Ср
FL695_2739,Победа,40.5,261,Ср
FL714_2740,Победа,19.4,99,Пт
FL106_2741,Уральские_авиалинии,31.2,194,Чт
FL271_2742,Nordwind,5.4,261,Ср
FL897_2743,Nordwind,45.3,225,Сб
FL376_2744,Победа,39.5,67,Вт
FL571_2745,Уральские_авиалинии,52.2,283,Пн
FL799_2746,Уральские_авиалинии,25.8,73,Пн
FL888_2747,S7,10.6,280,Вт
FL993_2748,Победа,23.0,248,Пт
FL794_2749,Победа,22.9,96,Чт
FL847_2750,Nordwind,14.8,253,Сб
FL522_2751,S7,13.0,261,Пн
FL433_2752,Победа,9.5,200,Пт
FL281_2753,Nordwind,0.9,213,Вс
FL605_2754,Nordwind,9.6,166,Ср
FL434_2755,Победа,32.1,194,Вс
FL913_2756,Победа,20.2,246,Вт
FL829_2757,S7,0.3,112,Вт
FL779_2758,S7,11.2,64,Вт
FL718_2759,Победа,6.6,179,Ср
FL193_2760,Уральские_авиалинии,323.8,186,Вт
FL574_2761,Победа,2.1,81,Ср
FL841_2762,Уральские_авиалинии,20.0,211,Пн
FL162_2763,Победа,2.3,262,Ср
FL394_2764,Nordwind,20.6,115,Вт
FL856_2765,Победа,1.1,183,Пт
FL802_2766,Аэрофлот,91.2,161,Ср
FL934_2767,Уральские_авиалинии,7.7,164,Пт
FL306_2768,Nordwind,21.1,165,Пн
FL204_2769,Аэрофлот,6.0,95,Сб
FL925_2770,Аэрофлот,189.5,126,Вс
FL583_2771,Уральские_авиалинии,28.1,179,Пт
FL206_2772,Уральские_авиалинии,25.8,288,Вт
FL699_2773,S7,16.5,239,Вт
FL222_2774,Уральские_авиалинии,0.3,175,Вт
FL126_2775,S7,19.9,156,Ср
FL946_2776,Nordwind,21.0,62,Пт
FL745_2777,Уральские_авиалинии,6.1,211,Сб
FL815_2778,Nordwind,28.3,168,Сб
FL329_2779,Аэрофлот,4.7,101,Пн
FL485_2780,S7,14.0,50,Вт
FL384_2781,Победа,0.6,261,Вс
FL245_2782,Уральские_авиалинии,0.8,213,Чт
FL993_2783,S7,10.3,93,Пт
FL278_2784,Победа,293.1,151,Пт
FL242_2785,Аэрофлот,29.4,114,Вт
FL886_2786,S7,305.8,246,Вт
FL868_2787,Аэрофлот,51.7,259,Пт
FL465_2788,Уральские_авиалинии,10.7,103,Пн
FL766_2789,Уральские_авиалинии,156.7,288,Вт
FL657_2790,Nordwind,13.1,87,Ср
FL698_2791,S7,34.5,152,Пн
FL736_2792,Победа,4.6,165,Чт
FL838_2793,Аэрофлот,10.9,294,Пн
FL121_2794,Уральские_авиалинии,16.1,258,Пт
FL479_2795,Победа,23.4,278,Чт
FL617_2796,Аэрофлот,45.4,266,Ср
FL328_2797,Победа,8.3,217,Вт
FL398_2798,Уральские_авиалинии,53.4,130,Вт
FL731_2799,Аэрофлот,7.2,201,Пн
FL435_2800,S7,5.4,53,Сб
FL702_2801,Победа,2.5,189,Чт
FL898_2802,Победа,28.0,280,Пн
FL393_2803,Аэрофлот,4.4,167,Пн
FL803_2804,Победа,5.7,167,Ср
FL214_2805,Nordwind,7.5,53,Пн
FL913_2806,Победа,12.6,111,Сб
FL170_2807,S7,7.6,101,Вс
FL449_2808,Победа,323.7,58,Чт
FL763_2809,Аэрофлот,8.9,209,Пт
FL226_2810,Nordwind,1.2,221,Вс
FL567_2811,Аэрофлот,2.9,270,Пт
FL481_2812,Победа,2.3,244,Ср
FL424_2813,Победа,14.7,59,Пн
FL105_2814,Аэрофлот,8.1,76,Пн
FL739_2815,Аэрофлот,15.9,77,Вт
FL659_2816,Nordwind,10.7,139,Пт
FL476_2817,Уральские_авиалинии,25.9,177,Сб
FL874_2818,Уральские_авиалинии,18.6,268,Чт
FL667_2819,Победа,25.3,82,Пн
FL184_2820,Аэрофлот,78.5,87,Чт
FL138_2821,Nordwind,21.9,78,Вс
FL869_2822,Победа,9.0,287,Чт
FL282_2823,Уральские_авиалинии,6.5,190,Вс
FL441_2824,Аэрофлот,25.6,192,Чт
FL945_2825,Уральские_авиалинии,15.9,147,Сб
FL160_2826,Nordwind,0.3,296,Сб
FL139_2827,S7,6.9,60,Ср
FL681_2828,Nordwind,10.5,231,Пт
FL935_2829,Победа,4.1,277,Ср
FL766_2830,Аэрофлот,6.1,198,Пн
FL888_2831,Уральские_авиалинии,1.0,272,Пт
FL735_2832,Победа,16.4,213,Сб
FL330_2833,Nordwind,13.6,189,Пн
FL586_2834,Победа,9.6,99,Пн
FL888_2835,Аэрофлот,6.5,184,Ср
FL839_2836,Аэрофлот,171.6,97,Ср
FL390_2837,Победа,20.2,188,Вт
FL740_2838,Победа,5.6,251,Ср
FL423_2839,Nordwind,20.7,220,Ср
FL283_2840,S7,1.1,245,Вт
FL371_2841,S7,28.7,265,Ср
FL474_2842,S7,20.7,58,Сб
FL993_2843,Уральские_авиалинии,13.3,152,Сб
FL913_2844,Уральские_авиалинии,52.1,181,Чт
FL822_2845,Уральские_авиалинии,5.1,117,Сб
FL888_2846,Nordwind,4.4,200,Пт
FL263_2847,S7,8.5,244,Вс
FL504_2848,S7,0.8,89,Пт
FL734_2849,Уральские_авиалинии,29.0,147,Пн
FL412_2850,Nordwind,12.0,99,Чт
FL755_2851,S7,0.2,145,Пт
FL512_2852,Уральские_авиалинии,9.8,235,Чт
FL453_2853,S7,3.2,183,Пн
FL516_2854,S7,40.5,219,Сб
FL643_2855,S7,21.7,119,Ср
FL449_2856,Nordwind,6.8,296,Ср
FL177_2857,Победа,2.4,141,Ср
FL803_2858,Уральские_авиалинии,2.9,235,Вт
FL472_2859,Уральские_авиалинии,10.9,237,Ср
FL439_2860,Победа,4.0,212,Сб
FL166_2861,Победа,11.9,229,Вт
FL678_2862,Nordwind,23.8,115,Вт
FL757_2863,Победа,2.6,144,Вс
FL807_2864,Победа,23.3,230,Пт
FL327_2865,S7,18.0,62,Чт
FL206_2866,Аэрофлот,58.1,270,Пт
FL100_2867,Nordwind,13.8,207,Сб
FL428_2868,Аэрофлот,13.7,80,Вс
FL864_2869,Уральские_авиалинии,10.3,62,Пт
FL730_2870,Победа,35.0,210,Вс
FL763_2871,Аэрофлот,12.7,263,Пт
FL314_2872,Победа,32.0,221,Пн
FL768_2873,Nordwind,7.9,125,Пт
FL337_2874,Аэрофлот,11.5,61,Сб
FL162_2875,Уральские_авиалинии,18.2,54,Чт
FL314_2876,Уральские_авиалинии,22.8,140,Ср
FL443_2877,Уральские_авиалинии,62.8,131,Чт
FL455_2878,Уральские_авиалинии,271.0,98,Вт
FL533_2879,Победа,13.4,155,Вт
FL509_2880,S7,5.6,248,Вт
FL938_2881,S7,20.8,77,Чт
FL359_2882,Победа,3.4,60,Пн
FL452_2883,Nordwind,32.4,96,Ср
FL331_2884,S7,8.1,120,Вт
FL784_2885,Уральские_авиалинии,2.4,181,Пт
FL592_2886,Nordwind,17.7,75,Пн
FL737_2887,Nordwind,302.7,235,Пн
FL926_2888,Победа,10.1,123,Сб
FL931_2889,S7,80.0,253,Вс
FL307_2890,Уральские_авиалинии,1.4,79,Пн
FL407_2891,Nordwind,30.0,198,Пн
FL735_2892,Победа,17.6,178,Ср
FL220_2893,S7,7.6,178,Пн
FL469_2894,S7,0.2,113,Вт
FL598_2895,Аэрофлот,42.0,118,Ср
FL795_2896,Уральские_авиалинии,14.2,296,Сб
FL362_2897,Nordwind,64.2,216,Пн
FL802_2898,S7,49.6,249,Вс
FL679_2899,Уральские_авиалинии,0.3,191,Вт
FL879_2900,Аэрофлот,19.1,193,Сб
FL876_2901,Уральские_авиалинии,4.7,124,Вт
FL485_2902,S7,13.2,148,Вт
FL191_2903,Аэрофлот,52.7,120,Пт
FL314_2904,Аэрофлот,8.8,247,Вт
FL856_2905,Nordwind,11.0,94,Вт
FL666_2906,Победа,18.6,144,Вт
FL511_2907,Уральские_авиалинии,4.9,278,Вс
FL884_2908,Аэрофлот,18.5,288,Сб
FL626_2909,Nordwind,30.4,136,Сб
FL500_2910,Победа,3.9,62,Чт
FL314_2911,Уральские_авиалинии,14.1,241,Вс
FL968_2912,S7,22.2,290,Пт
FL985_2913,Уральские_авиалинии,26.1,297,Вс
FL570_2914,Nordwind,5.7,115,Пн
FL327_2915,Nordwind,7.8,247,Вт
FL127_2916,Победа,5.0,75,Пн
FL381_2917,S7,334.7,230,Пн
FL625_2918,S7,4.2,201,Сб
FL807_2919,S7,1.4,280,Чт
FL779_2920,Уральские_авиалинии,80.7,250,Вс
FL582_2921,S7,32.5,184,Ср
FL917_2922,Nordwind,11.6,255,Вс
FL876_2923,S7,17.9,177,Пн
FL530_2924,Победа,3.9,241,Пт
FL437_2925,Аэрофлот,5.0,81,Ср
FL128_2926,S7,0.3,290,Ср
FL526_2927,Победа,0.1,74,Вт
FL191_2928,Уральские_авиалинии,5.8,192,Сб
FL210_2929,S7,1.0,122,Вс
FL415_2930,Аэрофлот,27.3,57,Пн
FL926_2931,Уральские_авиалинии,24.1,294,Пт
FL124_2932,Аэрофлот,5.6,227,Сб
FL856_2933,Уральские_авиалинии,0.7,189,Вс
FL535_2934,Победа,5.6,246,Сб
FL405_2935,Победа,312.5,234,Вс
FL727_2936,Уральские_авиалинии,27.8,167,Вт
FL881_2937,Nordwind,0.6,79,Вт
FL751_2938,Победа,4.5,264,Сб
FL408_2939,Nordwind,26.3,59,Ср
FL307_2940,Уральские_авиалинии,7.3,184,Пн
FL440_2941,Уральские_авиалинии,9.2,114,Вс
FL780_2942,Nordwind,14.4,57,Чт
FL957_2943,Уральские_авиалинии,52.5,83,Ср
FL225_2944,Аэрофлот,34.2,262,Пт
FL802_2945,Аэрофлот,35.4,284,Вс
FL555_2946,S7,22.4,59,Пн
FL378_2947,Аэрофлот,2.6,69,Пт
FL308_2948,S7,7.6,223,Сб
FL505_2949,S7,9.0,164,Чт
FL718_2950,Уральские_авиалинии,62.0,188,Вс
FL845_2951,Nordwind,14.4,210,Ср
FL280_2952,S7,15.7,202,Вс
FL882_2953,Nordwind,5.7,256,Чт
FL627_2954,S7,4.6,105,Пт
FL283_2955,Уральские_авиалинии,11.6,135,Пт
FL787_2956,Уральские_авиалинии,13.7,126,Сб
FL818_2957,Уральские_авиалинии,16.7,268,Сб
FL279_2958,Уральские_авиалинии,1.9,142,Вт
FL803_2959,S7,167.4,107,Чт
FL696_2960,S7,28.8,139,Вс
FL127_2961,Победа,34.9,194,Ср
FL496_2962,Уральские_авиалинии,359.3,113,Чт
FL163_2963,S7,21.6,205,Вт
FL674_2964,S7,2.8,110,Чт
FL374_2965,S7,41.5,217,Чт
FL423_2966,Победа,3.4,96,Чт
FL113_2967,Аэрофлот,6.2,186,Пн
FL836_2968,Nordwind,13.4,71,Сб
FL212_2969,Аэрофлот,9.5,282,Пт
FL677_2970,Уральские_авиалинии,1.1,238,Чт
FL930_2971,Аэрофлот,10.9,134,Пн
FL499_2972,S7,10.5,230,Сб
FL731_2973,Аэрофлот,133.5,52,Чт
FL423_2974,Победа,3.1,156,Пн
FL968_2975,Nordwind,173.1,277,Пт
FL686_2976,Уральские_авиалинии,16.2,50,Чт
FL818_2977,Уральские_авиалинии,13.4,164,Сб
FL827_2978,S7,52.4,273,Пн
FL443_2979,Nordwind,10.1,181,Сб
FL844_2980,Победа,17.6,140,Вт
FL643_2981,S7,40.0,262,Пт
FL256_2982,Аэрофлот,1.1,282,Вт
FL830_2983,Аэрофлот,9.3,296,Вс
FL515_2984,Аэрофлот,14.3,258,Вт
FL847_2985,Уральские_авиалинии,53.6,81,Вт
FL450_2986,Уральские_авиалинии,1.1,200,Вс
FL698_2987,S7,41.1,148,Вт
FL849_2988,Уральские_авиалинии,21.1,290,Сб
FL852_2989,Уральские_авиалинии,7.8,89,Пт
FL885_2990,S7,35.7,245,Чт
FL821_2991,Победа,16.7,103,Чт
FL502_2992,Nordwind,23.2,262,Пн
FL105_2993,Аэрофлот,1.8,62,Сб
FL367_2994,S7,4.3,240,Ср
FL735_2995,Аэрофлот,1.3,295,Сб
FL765_2996,S7,22.3,98,Сб
FL426_2997,Аэрофлот,1.3,205,Сб
FL938_2998,S7,22.5,256,Вт
FL525_2999,Уральские_авиалинии,19.7,237,Чт
FL558_3000,Nordwind,26.0,85,Вт
