ID,Отдел,Город,Зарплата,KPI_score,Стаж,Оценка_менеджера
EMP_0001,HR,Новосибирск,217340,62,1,3.1
EMP_0002,Финансы,СПб,217860,38,10,2.9
EMP_0003,IT,Новосибирск,242121,67,5,2.1
EMP_0004,Финансы,Казань,112493,38,12,3.5
EMP_0005,Финансы,Москва,86027,67,6,3.2
EMP_0006,Маркетинг,Новосибирск,143547,94,14,3.9
EMP_0007,IT,Москва,223921,61,11,3.9
EMP_0008,IT,СПб,150127,1,7,2.4
EMP_0009,IT,Москва,198930,94,9,4.9
EMP_0010,Финансы,СПб,129003,45,6,2.6
EMP_0011,HR,Казань,233467,96,5,3.3
EMP_0012,IT,СПб,89758,28,12,3.5
EMP_0013,Финансы,СПб,104312,21,7,4.4
EMP_0014,Маркетинг,Екатеринбург,118670,13,13,2.3
EMP_0015,HR,Новосибирск,132279,27,1,3.3
EMP_0016,Маркетинг,Новосибирск,65434,100,11,3.9
EMP_0017,HR,Казань,245119,7,14,2.6
EMP_0018,Финансы,Казань,228847,22,5,3.9
EMP_0019,Продажи,Новосибирск,125769,74,2,4.8
EMP_0020,HR,Екатеринбург,116677,53,4,5.0
EMP_0021,Маркетинг,Новосибирск,133555,79,7,2.1
EMP_0022,Финансы,Екатеринбург,178379,79,5,2.7
EMP_0023,HR,Казань,226806,4,12,2.9
EMP_0024,Продажи,Москва,151665,96,6,3.2
EMP_0025,Продажи,Казань,221675,23,2,2.7
EMP_0026,IT,Казань,118803,70,3,2.6
EMP_0027,IT,СПб,220404,88,7,4.9
EMP_0028,Маркетинг,СПб,141703,84,11,4.8
EMP_0029,HR,СПб,71312,84,2,2.1
EMP_0030,HR,СПб,225251,76,12,3.0
EMP_0031,IT,Екатеринбург,167961,33,6,3.2
EMP_0032,HR,Новосибирск,90379,28,5,2.7
EMP_0033,HR,Москва,67297,8,10,3.9
EMP_0034,Продажи,Казань,52011,1,1,3.9
EMP_0035,IT,Екатеринбург,170234,37,12,4.6
EMP_0036,Финансы,Москва,94014,63,11,4.2
EMP_0037,IT,Екатеринбург,192810,22,10,3.6
EMP_0038,Финансы,Екатеринбург,144333,70,11,4.0
EMP_0039,Продажи,Казань,228570,21,4,2.8
EMP_0040,Маркетинг,Новосибирск,61120,96,11,3.8
EMP_0041,HR,СПб,189839,35,2,3.5
EMP_0042,Продажи,Новосибирск,72852,79,4,2.4
EMP_0043,HR,Казань,129239,5,1,2.7
EMP_0044,Маркетинг,Казань,182001,60,2,2.9
EMP_0045,Маркетинг,Казань,141575,46,13,4.8
EMP_0046,Продажи,Москва,145040,50,8,2.7
EMP_0047,Маркетинг,Новосибирск,198510,48,6,2.9
EMP_0048,Финансы,Новосибирск,229587,6,2,3.1
EMP_0049,Маркетинг,Екатеринбург,55744,89,12,4.0
EMP_0050,HR,Екатеринбург,223489,56,6,2.4
EMP_0051,HR,Екатеринбург,188141,59,10,4.9
EMP_0052,HR,Казань,92359,29,9,4.6
EMP_0053,HR,Новосибирск,200871,71,7,3.7
EMP_0054,Финансы,Казань,148746,77,9,4.0
EMP_0055,IT,Москва,170906,18,5,2.0
EMP_0056,Продажи,Екатеринбург,57597,2,7,3.0
EMP_0057,HR,Казань,97093,8,11,4.4
EMP_0058,Маркетинг,Казань,218298,75,14,2.2
EMP_0059,HR,Москва,164650,97,7,2.8
EMP_0060,Маркетинг,СПб,207489,54,12,3.8
EMP_0061,Маркетинг,Новосибирск,199765,38,12,2.8
EMP_0062,HR,СПб,170956,48,3,4.8
EMP_0063,Финансы,Екатеринбург,165598,27,7,2.4
EMP_0064,Маркетинг,Казань,234233,20,1,4.4
EMP_0065,Маркетинг,Москва,183241,12,9,3.5
EMP_0066,HR,Москва,203124,43,10,4.3
EMP_0067,Маркетинг,Новосибирск,58036,61,13,2.9
EMP_0068,Маркетинг,СПб,81778,31,6,3.5
EMP_0069,HR,Новосибирск,208806,91,5,4.6
EMP_0070,HR,Казань,204245,96,7,3.4
EMP_0071,Продажи,Новосибирск,211475,61,5,3.1
EMP_0072,Финансы,Москва,247393,74,10,3.6
EMP_0073,Финансы,Москва,187416,67,5,4.2
EMP_0074,Маркетинг,Екатеринбург,68800,91,11,3.3
EMP_0075,Финансы,Екатеринбург,75372,35,10,4.8
EMP_0076,Маркетинг,Казань,111516,95,11,2.9
EMP_0077,Продажи,СПб,70538,15,7,3.4
EMP_0078,HR,Новосибирск,113918,16,10,4.3
EMP_0079,HR,Казань,196045,13,7,4.1
EMP_0080,HR,Екатеринбург,121155,35,13,4.6
EMP_0081,Финансы,Новосибирск,109500,75,11,5.0
EMP_0082,Продажи,Екатеринбург,217647,59,3,3.3
EMP_0083,Финансы,Новосибирск,223333,21,3,2.3
EMP_0084,Финансы,СПб,160659,54,10,2.1
EMP_0085,Продажи,Казань,77716,75,12,4.2
EMP_0086,Продажи,Новосибирск,184308,30,13,4.6
EMP_0087,Продажи,Москва,196920,48,3,2.7
EMP_0088,Продажи,Москва,52352,35,6,2.5
EMP_0089,HR,Новосибирск,183004,86,12,2.2
EMP_0090,IT,Новосибирск,126449,38,6,4.5
EMP_0091,IT,Новосибирск,58556,31,13,2.9
EMP_0092,Продажи,Москва,136836,78,13,3.2
EMP_0093,IT,Москва,186570,24,3,3.5
EMP_0094,IT,Новосибирск,100098,49,3,4.5
EMP_0095,Продажи,Екатеринбург,245458,96,8,4.0
EMP_0096,IT,Екатеринбург,162169,100,8,3.8
EMP_0097,Финансы,СПб,190641,32,7,2.5
EMP_0098,Маркетинг,Казань,176060,55,10,3.5
EMP_0099,Маркетинг,Екатеринбург,237954,79,4,4.1
EMP_0100,Продажи,Москва,180544,58,4,4.9
EMP_0101,HR,Екатеринбург,50340,99,3,2.6
EMP_0102,Продажи,СПб,225021,3,5,2.0
EMP_0103,HR,СПб,132302,80,3,2.2
EMP_0104,Маркетинг,Казань,243515,69,13,3.1
EMP_0105,Продажи,Екатеринбург,50138,85,8,4.5
EMP_0106,Финансы,Москва,181430,10,7,2.0
EMP_0107,IT,Москва,169619,83,13,3.4
EMP_0108,HR,Новосибирск,135376,25,3,3.0
EMP_0109,IT,Москва,149931,68,9,2.2
EMP_0110,IT,Казань,211726,61,12,3.4
EMP_0111,Продажи,Казань,206951,29,14,2.8
EMP_0112,IT,Москва,131532,19,13,3.1
EMP_0113,Финансы,Москва,105778,43,5,4.1
EMP_0114,IT,Новосибирск,87772,66,9,3.6
EMP_0115,Продажи,Москва,108478,74,7,2.4
EMP_0116,Финансы,Новосибирск,245425,61,7,4.9
EMP_0117,Маркетинг,Новосибирск,76762,43,6,3.9
EMP_0118,IT,Москва,194355,25,2,4.3
EMP_0119,Продажи,СПб,244994,20,9,2.2
EMP_0120,Маркетинг,СПб,220492,48,6,2.1
EMP_0121,Маркетинг,Новосибирск,105568,83,8,2.1
EMP_0122,HR,Москва,135090,87,1,2.6
EMP_0123,Финансы,СПб,70219,24,5,3.2
EMP_0124,IT,Москва,107169,11,12,4.8
EMP_0125,Продажи,Москва,124965,98,1,3.4
EMP_0126,HR,Москва,227912,55,10,2.9
EMP_0127,Финансы,Екатеринбург,225767,28,11,3.7
EMP_0128,HR,Москва,134754,69,14,2.3
EMP_0129,Финансы,Екатеринбург,127988,63,8,3.8
EMP_0130,Финансы,Новосибирск,239414,59,8,3.7
EMP_0131,IT,СПб,200023,5,1,4.4
EMP_0132,Финансы,СПб,182379,51,9,5.0
EMP_0133,HR,СПб,130388,21,2,2.8
EMP_0134,Финансы,СПб,140768,12,12,3.5
EMP_0135,IT,СПб,85428,50,9,4.7
EMP_0136,IT,СПб,142021,4,1,4.4
EMP_0137,HR,СПб,168418,42,12,3.5
EMP_0138,Маркетинг,Новосибирск,220047,84,10,4.8
EMP_0139,Маркетинг,Москва,182212,38,14,2.2
EMP_0140,Финансы,Казань,205914,25,14,4.8
EMP_0141,Продажи,Екатеринбург,76421,14,9,2.2
EMP_0142,Финансы,Казань,51708,75,4,3.6
EMP_0143,HR,Казань,184702,32,9,4.7
EMP_0144,HR,Москва,200667,11,7,2.8
EMP_0145,HR,Москва,126021,61,11,3.4
EMP_0146,HR,Москва,209380,18,6,3.0
EMP_0147,HR,СПб,94789,27,5,4.9
EMP_0148,IT,Новосибирск,236762,55,11,4.5
EMP_0149,Маркетинг,СПб,76086,54,9,4.1
EMP_0150,HR,Новосибирск,66859,82,2,3.8
EMP_0151,Продажи,Новосибирск,57684,87,14,4.5
EMP_0152,Продажи,Казань,141088,75,13,3.2
EMP_0153,Продажи,Казань,182279,21,11,3.3
EMP_0154,Продажи,Новосибирск,96099,44,14,4.2
EMP_0155,IT,Новосибирск,248568,5,12,3.1
EMP_0156,Продажи,СПб,116093,87,2,2.2
EMP_0157,HR,СПб,210761,41,11,2.2
EMP_0158,Финансы,Казань,98651,59,12,2.3
EMP_0159,Продажи,Москва,63893,89,9,4.6
EMP_0160,IT,Новосибирск,116418,54,12,3.4
EMP_0161,IT,СПб,175074,74,3,4.1
EMP_0162,Продажи,Казань,153065,22,8,3.2
EMP_0163,Финансы,СПб,180351,83,11,2.8
EMP_0164,Продажи,Новосибирск,241083,65,9,3.0
EMP_0165,IT,Новосибирск,88635,64,8,4.4
EMP_0166,Маркетинг,Екатеринбург,237187,71,4,3.9
EMP_0167,HR,Москва,145071,4,12,4.8
EMP_0168,IT,Екатеринбург,128518,65,1,4.0
EMP_0169,Продажи,Казань,156233,15,4,3.7
EMP_0170,HR,СПб,153651,76,14,3.8
EMP_0171,Продажи,Казань,122805,22,9,4.8
EMP_0172,Продажи,Новосибирск,240026,86,2,4.4
EMP_0173,Маркетинг,Екатеринбург,209136,47,3,2.1
EMP_0174,HR,Екатеринбург,172813,81,10,3.6
EMP_0175,HR,Екатеринбург,129063,93,8,4.1
EMP_0176,Маркетинг,Казань,52454,46,6,4.2
EMP_0177,IT,Новосибирск,70878,14,8,2.6
EMP_0178,Продажи,СПб,232170,50,7,4.6
EMP_0179,Финансы,СПб,243226,20,14,4.9
EMP_0180,Продажи,Казань,194063,50,13,2.7
EMP_0181,Продажи,Екатеринбург,118344,33,13,4.6
EMP_0182,IT,Москва,154946,59,5,2.3
EMP_0183,Продажи,Казань,86593,43,9,2.2
EMP_0184,Маркетинг,Казань,86304,79,4,2.4
EMP_0185,Маркетинг,Новосибирск,211458,12,6,2.2
EMP_0186,HR,СПб,236292,40,2,4.5
EMP_0187,Финансы,Казань,163613,20,2,2.2
EMP_0188,Продажи,Казань,202155,94,2,2.8
EMP_0189,Продажи,Екатеринбург,68354,38,10,2.3
EMP_0190,IT,Екатеринбург,72190,3,7,2.9
EMP_0191,Маркетинг,Москва,56142,28,13,2.3
EMP_0192,Финансы,Новосибирск,209470,56,2,4.0
EMP_0193,HR,Москва,233043,90,12,2.4
EMP_0194,Маркетинг,Екатеринбург,91862,94,13,4.6
EMP_0195,HR,СПб,234482,13,2,4.5
EMP_0196,IT,Екатеринбург,200575,77,9,2.0
EMP_0197,IT,Новосибирск,175438,66,7,4.7
EMP_0198,Продажи,Екатеринбург,98456,37,11,2.1
EMP_0199,Финансы,Новосибирск,150167,49,3,2.7
EMP_0200,HR,Новосибирск,132035,66,3,2.1
EMP_0201,Маркетинг,Новосибирск,58016,36,7,3.0
EMP_0202,IT,Новосибирск,52384,54,5,3.5
EMP_0203,Продажи,Новосибирск,243392,26,10,4.4
EMP_0204,Продажи,СПб,196144,75,14,3.0
EMP_0205,HR,Москва,152239,72,14,4.1
EMP_0206,IT,Казань,161431,40,6,2.6
EMP_0207,Финансы,Москва,130018,43,13,4.3
EMP_0208,IT,Новосибирск,90510,22,12,2.7
EMP_0209,HR,СПб,230005,20,8,2.4
EMP_0210,HR,Екатеринбург,71826,8,9,2.6
EMP_0211,IT,СПб,118026,29,1,2.5
EMP_0212,HR,Новосибирск,171668,40,3,3.5
EMP_0213,IT,СПб,206590,90,11,4.5
EMP_0214,Маркетинг,СПб,74045,30,7,2.2
EMP_0215,IT,Новосибирск,231948,81,6,4.1
EMP_0216,IT,СПб,140102,84,7,4.0
EMP_0217,HR,Казань,101919,55,8,4.6
EMP_0218,HR,Казань,149441,16,6,2.7
EMP_0219,Продажи,СПб,208175,46,3,3.4
EMP_0220,Продажи,Екатеринбург,217260,62,2,4.8
EMP_0221,Маркетинг,Новосибирск,186917,7,12,4.0
EMP_0222,Продажи,Казань,217746,80,7,3.2
EMP_0223,IT,Екатеринбург,168325,45,12,2.4
EMP_0224,HR,СПб,69337,59,12,2.8
EMP_0225,Продажи,Екатеринбург,203385,56,12,3.7
EMP_0226,Продажи,Москва,208015,48,11,4.2
EMP_0227,Маркетинг,Казань,127949,27,1,2.4
EMP_0228,Маркетинг,СПб,50276,53,3,3.8
EMP_0229,IT,Новосибирск,101151,87,12,3.7
EMP_0230,HR,СПб,198683,88,11,3.5
EMP_0231,Маркетинг,Новосибирск,193016,73,4,4.1
EMP_0232,Продажи,СПб,102887,35,13,4.5
EMP_0233,HR,Екатеринбург,131442,51,14,3.0
EMP_0234,HR,Екатеринбург,99847,84,1,4.7
EMP_0235,Продажи,Екатеринбург,108653,37,5,2.5
EMP_0236,Маркетинг,Москва,106622,81,10,2.5
EMP_0237,Продажи,Новосибирск,77810,95,3,2.8
EMP_0238,HR,Екатеринбург,127842,57,2,2.4
EMP_0239,Финансы,Москва,172225,8,3,2.7
EMP_0240,Финансы,Новосибирск,60503,79,8,2.3
EMP_0241,IT,СПб,134761,95,6,4.5
EMP_0242,Продажи,Москва,218048,94,13,2.4
EMP_0243,Продажи,Казань,176439,20,14,4.2
EMP_0244,IT,Москва,61590,53,7,2.1
EMP_0245,IT,Москва,191958,12,12,4.8
EMP_0246,IT,Новосибирск,193938,49,6,4.1
EMP_0247,HR,СПб,116624,17,6,2.0
EMP_0248,Продажи,Казань,249971,64,12,4.3
EMP_0249,HR,Екатеринбург,213864,42,3,3.5
EMP_0250,IT,Екатеринбург,190836,94,12,4.3
EMP_0251,Продажи,Москва,170356,29,13,3.6
EMP_0252,HR,Новосибирск,92727,19,14,3.9
EMP_0253,HR,Новосибирск,128471,11,8,4.4
EMP_0254,IT,Екатеринбург,58068,98,12,3.2
EMP_0255,Продажи,Казань,166923,50,7,2.0
EMP_0256,IT,СПб,188367,71,7,4.5
EMP_0257,Продажи,Казань,222232,58,6,3.1
EMP_0258,Финансы,СПб,61390,34,5,3.5
EMP_0259,Маркетинг,Екатеринбург,156752,20,10,2.0
EMP_0260,Маркетинг,СПб,201203,50,8,3.5
EMP_0261,Маркетинг,Новосибирск,144754,88,5,5.0
EMP_0262,IT,Москва,125969,10,9,2.8
EMP_0263,Финансы,Москва,196110,32,9,3.2
EMP_0264,Продажи,Екатеринбург,233399,52,1,4.1
EMP_0265,HR,Новосибирск,127064,15,6,4.4
EMP_0266,Продажи,Казань,71281,84,7,3.3
EMP_0267,HR,Новосибирск,104189,3,3,2.9
EMP_0268,Продажи,Москва,98511,37,7,4.8
EMP_0269,Финансы,Москва,172115,40,11,4.0
EMP_0270,HR,Новосибирск,58605,72,11,2.4
EMP_0271,IT,Новосибирск,150318,40,7,2.2
EMP_0272,Продажи,Москва,182453,56,14,3.5
EMP_0273,Продажи,Казань,247706,23,13,2.7
EMP_0274,HR,Екатеринбург,69810,11,11,2.8
EMP_0275,IT,Екатеринбург,205394,64,2,4.6
EMP_0276,IT,Новосибирск,91869,8,7,2.3
EMP_0277,Финансы,Екатеринбург,82955,93,1,4.1
EMP_0278,IT,Москва,111388,94,5,2.8
EMP_0279,IT,Москва,60207,56,9,4.3
EMP_0280,IT,Новосибирск,248700,60,7,4.2
EMP_0281,Маркетинг,Новосибирск,209292,10,7,2.0
EMP_0282,Финансы,Новосибирск,72031,39,11,3.5
EMP_0283,Продажи,Казань,130807,28,13,2.4
EMP_0284,HR,Екатеринбург,121312,49,12,4.6
EMP_0285,Продажи,Новосибирск,109766,36,2,4.6
EMP_0286,Финансы,СПб,193521,13,8,3.3
EMP_0287,HR,СПб,139833,96,3,3.3
EMP_0288,Финансы,Москва,237771,36,8,2.9
EMP_0289,IT,Екатеринбург,161041,26,3,4.1
EMP_0290,HR,Новосибирск,166185,86,10,3.1
EMP_0291,IT,СПб,227164,4,7,2.8
EMP_0292,Продажи,Екатеринбург,244743,95,2,3.3
EMP_0293,Продажи,Москва,60350,82,4,2.3
EMP_0294,HR,Казань,150859,64,11,4.2
EMP_0295,HR,Екатеринбург,118487,38,6,2.0
EMP_0296,Финансы,Екатеринбург,198694,88,11,3.9
EMP_0297,Финансы,Казань,173853,87,9,2.5
EMP_0298,IT,Екатеринбург,103117,22,5,2.7
EMP_0299,HR,Москва,239466,2,13,3.9
EMP_0300,Продажи,Москва,151084,31,9,5.0
EMP_0301,Финансы,Казань,73782,11,5,4.3
EMP_0302,Финансы,Новосибирск,78454,92,10,2.7
EMP_0303,Продажи,СПб,117904,46,8,2.5
EMP_0304,Финансы,Новосибирск,179936,96,13,4.6
EMP_0305,IT,Екатеринбург,196664,62,13,3.3
EMP_0306,HR,СПб,203245,69,1,2.4
EMP_0307,Продажи,Казань,214276,64,7,4.6
EMP_0308,HR,Казань,216668,10,4,4.4
EMP_0309,Финансы,СПб,215396,40,5,5.0
EMP_0310,Финансы,Москва,172258,24,6,4.7
EMP_0311,Продажи,СПб,161668,99,5,4.6
EMP_0312,IT,Екатеринбург,242274,44,12,2.2
EMP_0313,Маркетинг,Москва,174184,60,1,2.3
EMP_0314,Продажи,Казань,211822,62,12,3.7
EMP_0315,Маркетинг,СПб,66566,87,9,3.6
EMP_0316,Маркетинг,Новосибирск,188262,17,2,3.4
EMP_0317,IT,Новосибирск,88333,65,9,3.2
EMP_0318,Маркетинг,Екатеринбург,171929,95,10,3.3
EMP_0319,Маркетинг,Новосибирск,139571,95,2,3.7
EMP_0320,IT,СПб,170263,57,9,2.0
EMP_0321,Маркетинг,СПб,182661,55,6,2.8
EMP_0322,Маркетинг,Новосибирск,75235,53,11,3.6
EMP_0323,Маркетинг,СПб,50159,56,9,4.2
EMP_0324,Продажи,Екатеринбург,193217,98,13,2.5
EMP_0325,Продажи,Москва,212993,9,6,3.6
EMP_0326,Продажи,Екатеринбург,154859,22,6,4.1
EMP_0327,IT,Екатеринбург,197309,13,13,3.3
EMP_0328,Финансы,СПб,157507,89,11,2.1
EMP_0329,Маркетинг,Москва,189316,48,14,3.3
EMP_0330,Маркетинг,СПб,64743,18,2,2.9
EMP_0331,IT,Казань,96101,76,8,4.8
EMP_0332,Маркетинг,СПб,171534,40,3,2.4
EMP_0333,Продажи,СПб,134227,17,7,4.0
EMP_0334,Финансы,СПб,237450,15,5,2.2
EMP_0335,HR,Москва,121126,15,3,3.3
EMP_0336,Маркетинг,СПб,106071,79,1,3.7
EMP_0337,Продажи,Москва,124763,63,8,2.9
EMP_0338,HR,Новосибирск,193309,39,3,3.4
EMP_0339,Финансы,Казань,196721,13,2,2.5
EMP_0340,HR,Москва,218785,81,1,2.9
EMP_0341,Продажи,Новосибирск,226481,32,4,3.9
EMP_0342,HR,Москва,229838,9,13,2.9
EMP_0343,IT,Москва,96154,40,8,4.7
EMP_0344,HR,Казань,57016,20,13,3.9
EMP_0345,Маркетинг,Екатеринбург,229760,90,3,3.3
EMP_0346,Маркетинг,Екатеринбург,139678,91,14,2.1
EMP_0347,IT,Москва,162056,85,1,3.5
EMP_0348,Продажи,СПб,104238,82,4,4.3
EMP_0349,Маркетинг,Новосибирск,108608,77,9,2.8
EMP_0350,Финансы,СПб,139081,80,13,4.4
EMP_0351,Маркетинг,СПб,212969,73,1,2.8
EMP_0352,Маркетинг,Москва,100961,63,12,4.5
EMP_0353,Продажи,Москва,249775,76,14,2.3
EMP_0354,HR,Москва,225829,44,11,4.6
EMP_0355,Маркетинг,Москва,76917,38,2,3.5
EMP_0356,IT,Екатеринбург,203808,83,9,2.9
EMP_0357,HR,Москва,77990,60,2,2.8
EMP_0358,Финансы,Екатеринбург,112551,71,13,3.3
EMP_0359,Продажи,Екатеринбург,239233,99,3,5.0
EMP_0360,Финансы,Москва,203512,48,7,2.7
EMP_0361,HR,Казань,216277,18,3,2.3
EMP_0362,HR,Новосибирск,130811,16,9,3.8
EMP_0363,HR,СПб,105103,55,6,3.5
EMP_0364,Финансы,Екатеринбург,222699,39,3,3.6
EMP_0365,HR,Новосибирск,156122,68,9,4.0
EMP_0366,Финансы,Казань,69008,59,1,2.8
EMP_0367,HR,СПб,82402,89,10,4.7
EMP_0368,IT,СПб,234456,96,3,3.3
EMP_0369,HR,Екатеринбург,186865,62,1,2.4
EMP_0370,Финансы,Москва,186643,13,2,4.2
EMP_0371,Маркетинг,Казань,197281,81,12,3.9
EMP_0372,HR,Екатеринбург,163550,6,8,2.9
EMP_0373,Маркетинг,Казань,224220,83,7,3.9
EMP_0374,IT,Москва,141218,77,2,2.7
EMP_0375,Продажи,Москва,183296,60,2,3.3
EMP_0376,IT,Екатеринбург,229767,90,9,4.7
EMP_0377,HR,Москва,170779,14,13,2.4
EMP_0378,Маркетинг,Новосибирск,179714,95,13,3.2
EMP_0379,Маркетинг,СПб,82441,54,6,4.5
EMP_0380,Финансы,Екатеринбург,220201,4,5,4.9
EMP_0381,Маркетинг,Казань,112368,39,10,3.4
EMP_0382,Финансы,Новосибирск,142122,72,6,3.5
EMP_0383,Продажи,Екатеринбург,94760,25,9,3.7
EMP_0384,HR,Москва,73478,77,11,4.8
EMP_0385,Финансы,Москва,177881,32,7,4.6
EMP_0386,Продажи,Москва,121854,59,10,2.5
EMP_0387,Маркетинг,Москва,144230,63,10,3.3
EMP_0388,Маркетинг,Казань,135716,38,14,3.4
EMP_0389,Продажи,Новосибирск,193252,92,9,4.4
EMP_0390,Маркетинг,СПб,148538,53,4,3.8
EMP_0391,Продажи,Казань,65372,94,2,4.0
EMP_0392,Финансы,Казань,79796,67,12,5.0
EMP_0393,Финансы,СПб,239344,28,8,2.2
EMP_0394,Продажи,СПб,148826,3,4,2.7
EMP_0395,Финансы,Москва,170592,98,13,3.2
EMP_0396,Финансы,Казань,143635,80,9,3.0
EMP_0397,Финансы,Екатеринбург,161022,22,4,2.1
EMP_0398,IT,СПб,104040,96,8,2.3
EMP_0399,HR,СПб,125357,38,9,4.0
EMP_0400,Маркетинг,Новосибирск,128356,72,13,4.6
EMP_0401,IT,Екатеринбург,66211,72,9,3.5
EMP_0402,Финансы,Екатеринбург,155426,62,10,3.6
EMP_0403,Продажи,СПб,55842,57,4,2.8
EMP_0404,Финансы,Москва,244187,6,1,4.3
EMP_0405,HR,Новосибирск,116852,78,3,4.3
EMP_0406,Финансы,Екатеринбург,175737,32,9,3.8
EMP_0407,Продажи,СПб,95968,99,4,2.6
EMP_0408,HR,Екатеринбург,67508,10,5,2.3
EMP_0409,Финансы,Новосибирск,203077,3,7,2.2
EMP_0410,HR,Новосибирск,104575,59,5,3.8
EMP_0411,Маркетинг,Казань,200043,76,4,4.5
EMP_0412,Маркетинг,СПб,206671,49,2,4.6
EMP_0413,Финансы,Новосибирск,116914,59,2,3.4
EMP_0414,HR,Казань,117055,31,13,4.4
EMP_0415,Продажи,Казань,137697,93,13,4.8
EMP_0416,Финансы,Екатеринбург,156239,69,4,2.8
EMP_0417,Маркетинг,Екатеринбург,173106,62,10,3.2
EMP_0418,Маркетинг,Казань,55355,52,13,4.8
EMP_0419,Финансы,Екатеринбург,104120,89,10,3.0
EMP_0420,HR,Новосибирск,88342,41,13,4.7
EMP_0421,Маркетинг,Москва,52257,31,9,4.9
EMP_0422,HR,Новосибирск,77364,85,8,4.0
EMP_0423,Маркетинг,Казань,206044,84,3,4.5
EMP_0424,Маркетинг,Казань,161715,22,14,4.2
EMP_0425,IT,Новосибирск,76654,4,9,4.1
EMP_0426,Маркетинг,Екатеринбург,131423,13,14,2.9
EMP_0427,Продажи,Екатеринбург,79320,45,5,2.2
EMP_0428,Финансы,Казань,70808,42,11,3.0
EMP_0429,Финансы,СПб,102389,49,3,4.0
EMP_0430,HR,Екатеринбург,168581,20,5,2.3
EMP_0431,Маркетинг,Новосибирск,177927,77,13,2.0
EMP_0432,Продажи,Екатеринбург,84773,81,10,2.4
EMP_0433,HR,Новосибирск,232240,54,13,4.1
EMP_0434,IT,Казань,208819,36,4,4.9
EMP_0435,HR,Екатеринбург,126396,97,8,4.9
EMP_0436,HR,Новосибирск,157692,1,13,3.5
EMP_0437,Маркетинг,Казань,107505,15,12,4.6
EMP_0438,IT,СПб,135896,77,5,4.2
EMP_0439,HR,Новосибирск,68135,17,10,3.5
EMP_0440,Продажи,СПб,140887,24,12,3.7
EMP_0441,Продажи,СПб,172118,58,8,2.4
EMP_0442,Финансы,Москва,97377,72,9,4.8
EMP_0443,IT,Екатеринбург,204626,91,4,3.1
EMP_0444,IT,Новосибирск,112491,23,7,3.3
EMP_0445,Финансы,СПб,236693,46,2,4.0
EMP_0446,HR,Москва,108283,72,6,3.0
EMP_0447,IT,Казань,66923,8,8,2.8
EMP_0448,Продажи,Новосибирск,97591,59,12,3.9
EMP_0449,Продажи,СПб,112261,90,7,2.1
EMP_0450,Маркетинг,Екатеринбург,104336,59,7,4.2
EMP_0451,IT,Москва,124083,13,8,3.5
EMP_0452,HR,СПб,110948,39,7,3.8
EMP_0453,Финансы,Екатеринбург,214074,28,5,3.9
EMP_0454,Финансы,СПб,76672,89,7,3.6
EMP_0455,HR,Новосибирск,54213,61,13,3.7
EMP_0456,Маркетинг,Новосибирск,191365,16,14,4.1
EMP_0457,Финансы,Новосибирск,236932,2,10,4.3
EMP_0458,IT,Москва,112507,82,3,4.2
EMP_0459,Маркетинг,Новосибирск,107134,17,5,4.6
EMP_0460,IT,Екатеринбург,183172,30,7,2.6
EMP_0461,Продажи,СПб,243069,13,9,3.2
EMP_0462,Маркетинг,Казань,78172,96,2,4.8
EMP_0463,Финансы,Екатеринбург,70132,93,4,3.2
EMP_0464,Маркетинг,Екатеринбург,68199,94,12,2.4
EMP_0465,Маркетинг,Новосибирск,86609,82,7,3.6
EMP_0466,Маркетинг,Москва,224037,13,1,2.3
EMP_0467,Маркетинг,СПб,189088,43,13,2.6
EMP_0468,IT,Москва,220851,85,2,5.0
EMP_0469,Продажи,СПб,81881,94,9,3.6
EMP_0470,HR,СПб,74472,21,13,2.9
EMP_0471,Маркетинг,Москва,232885,55,10,5.0
EMP_0472,Финансы,Екатеринбург,217093,81,7,4.9
EMP_0473,Маркетинг,СПб,104131,40,12,3.3
EMP_0474,Финансы,Москва,205159,83,10,2.8
EMP_0475,IT,СПб,62828,15,7,4.5
EMP_0476,Финансы,Казань,242682,73,6,4.1
EMP_0477,HR,Екатеринбург,146664,52,3,4.1
EMP_0478,Продажи,Новосибирск,182473,74,10,4.7
EMP_0479,Финансы,СПб,65193,95,3,4.1
EMP_0480,Финансы,Казань,225936,53,2,2.9
EMP_0481,Продажи,Новосибирск,201379,87,11,4.1
EMP_0482,HR,Новосибирск,152518,52,6,2.9
EMP_0483,Маркетинг,СПб,69611,30,4,4.3
EMP_0484,Финансы,Москва,224863,33,5,3.9
EMP_0485,Продажи,СПб,193022,57,3,2.2
EMP_0486,IT,Казань,126240,52,6,3.5
EMP_0487,Продажи,Новосибирск,52745,9,11,3.0
EMP_0488,IT,СПб,105243,54,12,3.0
EMP_0489,HR,Москва,53866,1,3,3.8
EMP_0490,Маркетинг,СПб,213317,44,14,3.0
EMP_0491,Продажи,Екатеринбург,225796,99,14,4.3
EMP_0492,Финансы,Москва,178681,75,8,2.2
EMP_0493,HR,Казань,121354,98,9,4.0
EMP_0494,Продажи,Новосибирск,101374,80,4,4.4
EMP_0495,Финансы,СПб,164397,9,9,4.0
EMP_0496,Продажи,Москва,174577,32,12,3.5
EMP_0497,IT,Екатеринбург,211188,15,7,4.9
EMP_0498,Продажи,Москва,131029,12,3,2.9
EMP_0499,Продажи,Екатеринбург,143574,97,7,2.1
EMP_0500,Продажи,Казань,201519,78,14,3.3
EMP_0501,HR,Новосибирск,80431,57,1,2.1
EMP_0502,Продажи,Казань,198980,8,3,4.9
EMP_0503,Финансы,СПб,79336,72,6,2.6
EMP_0504,IT,Москва,90992,27,4,4.4
EMP_0505,IT,Екатеринбург,105350,62,7,4.3
EMP_0506,Продажи,Екатеринбург,119561,12,14,2.7
EMP_0507,HR,Москва,101955,65,3,3.9
EMP_0508,HR,Москва,111240,42,1,2.1
EMP_0509,Финансы,СПб,201165,62,9,3.5
EMP_0510,Продажи,Казань,187227,11,6,2.0
EMP_0511,IT,Екатеринбург,96607,43,8,4.8
EMP_0512,HR,СПб,214559,95,3,4.9
EMP_0513,Продажи,Казань,236740,17,8,2.7
EMP_0514,HR,СПб,202035,97,2,2.6
EMP_0515,HR,Екатеринбург,231196,32,12,4.3
EMP_0516,IT,Москва,102870,93,4,2.8
EMP_0517,Маркетинг,Москва,237619,85,3,4.7
EMP_0518,Финансы,Казань,114110,85,10,3.7
EMP_0519,Финансы,Новосибирск,234626,40,1,3.1
EMP_0520,IT,Казань,202008,23,13,4.5
EMP_0521,HR,Новосибирск,166895,56,13,3.5
EMP_0522,Продажи,СПб,54426,6,7,4.7
EMP_0523,HR,СПб,77606,86,11,4.8
EMP_0524,IT,Екатеринбург,228904,50,10,2.5
EMP_0525,Финансы,Новосибирск,78151,37,2,2.0
EMP_0526,HR,Екатеринбург,61308,64,4,5.0
EMP_0527,Финансы,Москва,243594,54,9,4.7
EMP_0528,Продажи,Новосибирск,226743,72,6,2.2
EMP_0529,Финансы,Казань,140306,49,8,4.5
EMP_0530,Финансы,Москва,156984,99,2,3.4
EMP_0531,Маркетинг,Москва,52204,11,7,2.8
EMP_0532,Маркетинг,Казань,142769,88,6,4.6
EMP_0533,Маркетинг,Москва,137265,49,13,2.6
EMP_0534,Финансы,Новосибирск,81131,21,14,4.8
EMP_0535,IT,Екатеринбург,102428,66,9,2.6
EMP_0536,Финансы,Москва,83870,63,7,3.8
EMP_0537,IT,Новосибирск,153547,83,1,2.7
EMP_0538,IT,СПб,99067,28,14,3.6
EMP_0539,Маркетинг,Новосибирск,239657,17,8,4.1
EMP_0540,HR,Екатеринбург,162217,6,11,2.6
EMP_0541,Продажи,Новосибирск,202679,19,10,3.6
EMP_0542,Маркетинг,Казань,206040,56,3,3.4
EMP_0543,Маркетинг,Екатеринбург,148934,28,14,2.2
EMP_0544,HR,СПб,192980,66,2,4.5
EMP_0545,Продажи,Казань,207495,38,12,3.0
EMP_0546,Финансы,Новосибирск,124707,37,3,3.7
EMP_0547,Финансы,Екатеринбург,111215,68,11,3.5
EMP_0548,Маркетинг,СПб,236907,86,6,3.5
EMP_0549,Продажи,Казань,99429,90,13,2.3
EMP_0550,Маркетинг,СПб,132152,49,14,3.3
EMP_0551,IT,Новосибирск,158048,43,3,3.4
EMP_0552,Маркетинг,СПб,219530,36,10,4.2
EMP_0553,Маркетинг,Москва,227241,58,5,4.5
EMP_0554,Финансы,Казань,188731,13,6,3.6
EMP_0555,Финансы,СПб,241686,52,8,2.3
EMP_0556,Финансы,Новосибирск,127240,58,7,2.7
EMP_0557,IT,Новосибирск,213865,32,14,2.5
EMP_0558,Финансы,СПб,163688,81,11,2.4
EMP_0559,Продажи,Новосибирск,96473,100,8,3.1
EMP_0560,HR,Екатеринбург,146762,60,3,2.7
EMP_0561,Продажи,Екатеринбург,156956,83,4,2.7
EMP_0562,Продажи,Екатеринбург,168452,58,6,2.2
EMP_0563,Финансы,Москва,236823,99,11,2.1
EMP_0564,HR,СПб,176311,56,7,2.3
EMP_0565,HR,Москва,235326,28,9,2.5
EMP_0566,HR,Новосибирск,57006,1,13,3.3
EMP_0567,IT,Москва,124218,42,1,3.5
EMP_0568,Финансы,Новосибирск,246416,82,13,2.4
EMP_0569,HR,Новосибирск,214912,48,8,3.3
EMP_0570,IT,Казань,82430,40,8,3.0
EMP_0571,Маркетинг,Екатеринбург,73091,97,6,2.6
EMP_0572,Маркетинг,Новосибирск,214055,63,4,2.0
EMP_0573,IT,Казань,73989,76,3,3.4
EMP_0574,IT,Екатеринбург,125451,72,11,4.1
EMP_0575,Финансы,Новосибирск,68990,88,3,2.7
EMP_0576,Финансы,Новосибирск,140270,80,6,2.4
EMP_0577,Маркетинг,Москва,130360,4,13,4.7
EMP_0578,HR,Москва,86081,38,8,2.8
EMP_0579,Маркетинг,Екатеринбург,192105,27,7,2.7
EMP_0580,HR,Новосибирск,158272,9,11,4.6
EMP_0581,HR,СПб,66241,16,1,4.5
EMP_0582,Финансы,Москва,174932,56,11,3.3
EMP_0583,Продажи,Екатеринбург,55939,76,6,3.5
EMP_0584,Продажи,Новосибирск,163000,31,7,2.7
EMP_0585,IT,Новосибирск,228634,88,12,2.2
EMP_0586,Финансы,СПб,85063,14,7,3.7
EMP_0587,HR,Екатеринбург,208117,25,9,2.3
EMP_0588,Продажи,Новосибирск,225841,34,11,3.3
EMP_0589,HR,Москва,97118,67,11,4.8
EMP_0590,Продажи,СПб,134703,24,10,4.9
EMP_0591,Продажи,Екатеринбург,202697,73,5,2.7
EMP_0592,Продажи,СПб,178557,26,1,3.9
EMP_0593,Финансы,Москва,77076,20,2,3.4
EMP_0594,Маркетинг,Екатеринбург,245877,64,4,4.6
EMP_0595,HR,СПб,94605,10,5,2.8
EMP_0596,Финансы,Казань,134565,83,9,2.0
EMP_0597,Финансы,Москва,89121,67,11,2.5
EMP_0598,Финансы,Москва,246173,24,1,3.0
EMP_0599,Финансы,Москва,81433,5,3,2.9
EMP_0600,Финансы,Казань,93309,67,5,4.4
EMP_0601,IT,Казань,117468,58,3,4.0
EMP_0602,HR,Новосибирск,225326,27,4,2.9
EMP_0603,Финансы,СПб,117293,80,14,3.4
EMP_0604,HR,Новосибирск,146258,15,3,2.3
EMP_0605,IT,СПб,218925,35,4,4.7
EMP_0606,IT,Казань,88405,76,14,4.8
EMP_0607,HR,Казань,247724,53,13,4.9
EMP_0608,Продажи,Новосибирск,93527,44,13,4.6
EMP_0609,Маркетинг,Екатеринбург,127227,26,1,2.5
EMP_0610,Продажи,Новосибирск,181564,47,12,2.1
EMP_0611,Продажи,СПб,189883,34,8,3.7
EMP_0612,Продажи,Новосибирск,143344,87,4,4.7
EMP_0613,Финансы,Москва,205344,95,7,2.5
EMP_0614,IT,СПб,97153,50,2,2.0
EMP_0615,Продажи,СПб,158042,84,2,4.4
EMP_0616,IT,Екатеринбург,104110,12,6,2.2
EMP_0617,HR,Казань,195051,87,14,3.2
EMP_0618,Маркетинг,СПб,78328,4,2,4.0
EMP_0619,HR,Казань,162911,87,6,2.7
EMP_0620,HR,Новосибирск,62867,48,11,2.3
EMP_0621,Финансы,Москва,109234,55,2,4.3
EMP_0622,Маркетинг,Екатеринбург,75851,1,4,3.9
EMP_0623,HR,Казань,81279,89,7,5.0
EMP_0624,HR,СПб,123402,66,8,3.0
EMP_0625,Маркетинг,Казань,65449,30,3,2.2
EMP_0626,Маркетинг,СПб,126221,3,14,4.2
EMP_0627,HR,Казань,139080,21,13,3.6
EMP_0628,Маркетинг,СПб,55451,89,9,2.6
EMP_0629,HR,Новосибирск,137178,84,2,4.3
EMP_0630,HR,СПб,222388,49,8,2.6
EMP_0631,Финансы,СПб,244136,86,8,2.8
EMP_0632,Продажи,Москва,113761,85,13,2.3
EMP_0633,HR,СПб,88870,62,14,3.2
EMP_0634,IT,Москва,146566,97,4,3.3
EMP_0635,Продажи,Екатеринбург,173749,38,1,3.5
EMP_0636,Продажи,Москва,173765,15,13,4.1
EMP_0637,Продажи,Новосибирск,174881,52,1,4.7
EMP_0638,Финансы,Москва,211945,79,2,2.4
EMP_0639,HR,Екатеринбург,178389,46,14,2.2
EMP_0640,Финансы,Новосибирск,239699,25,12,2.1
EMP_0641,HR,Казань,247227,21,14,2.4
EMP_0642,Финансы,Казань,75372,88,9,4.0
EMP_0643,Финансы,Москва,53642,5,13,4.2
EMP_0644,IT,Москва,209073,70,2,4.4
EMP_0645,Финансы,Екатеринбург,84064,47,2,2.7
EMP_0646,Маркетинг,Екатеринбург,64122,87,6,2.9
EMP_0647,IT,СПб,205892,68,7,3.4
EMP_0648,Финансы,Екатеринбург,118431,91,13,2.2
EMP_0649,Продажи,СПб,105745,18,7,3.8
EMP_0650,Маркетинг,Новосибирск,100081,21,13,5.0
EMP_0651,Маркетинг,Москва,189783,92,9,3.1
EMP_0652,Маркетинг,Новосибирск,199865,99,6,4.3
EMP_0653,IT,Екатеринбург,189271,86,14,3.5
EMP_0654,Финансы,Новосибирск,126253,23,8,2.4
EMP_0655,Финансы,Новосибирск,86191,64,11,3.7
EMP_0656,Продажи,Новосибирск,60211,67,6,2.9
EMP_0657,Продажи,Екатеринбург,161086,40,2,2.1
EMP_0658,Маркетинг,Новосибирск,244141,10,1,3.9
EMP_0659,Продажи,СПб,237818,89,5,4.6
EMP_0660,IT,Екатеринбург,202614,52,14,3.0
EMP_0661,Финансы,Новосибирск,212384,72,9,3.2
EMP_0662,Маркетинг,Екатеринбург,226314,75,8,4.7
EMP_0663,Продажи,Казань,151971,61,14,4.4
EMP_0664,IT,СПб,143783,64,13,4.1
EMP_0665,IT,Новосибирск,175681,5,4,2.7
EMP_0666,Продажи,Казань,137893,53,5,4.7
EMP_0667,Финансы,Казань,236460,55,13,2.5
EMP_0668,Продажи,Екатеринбург,208763,37,5,3.9
EMP_0669,Маркетинг,Казань,127960,56,6,2.1
EMP_0670,Продажи,СПб,134388,59,3,3.9
EMP_0671,IT,СПб,72601,93,5,2.8
EMP_0672,Продажи,Москва,199092,69,2,3.3
EMP_0673,Финансы,СПб,189227,73,10,3.0
EMP_0674,HR,Казань,217849,59,1,2.5
EMP_0675,Продажи,СПб,69710,2,11,3.9
EMP_0676,Финансы,Екатеринбург,158714,65,1,4.6
EMP_0677,Финансы,Москва,205604,60,10,4.9
EMP_0678,IT,Казань,178727,51,7,2.6
EMP_0679,Финансы,Москва,199673,30,2,4.2
EMP_0680,Финансы,Казань,113227,11,4,4.0
EMP_0681,Финансы,Екатеринбург,186039,92,5,3.0
EMP_0682,Финансы,Москва,134289,76,7,2.1
EMP_0683,Маркетинг,Новосибирск,201094,39,2,4.1
EMP_0684,Маркетинг,Казань,224535,90,14,4.8
EMP_0685,IT,Новосибирск,55722,77,6,3.9
EMP_0686,Продажи,Москва,208485,72,1,3.3
EMP_0687,Финансы,Новосибирск,131050,63,7,3.6
EMP_0688,Продажи,Новосибирск,133596,64,9,2.6
EMP_0689,Продажи,Москва,116732,61,5,4.3
EMP_0690,IT,Екатеринбург,193369,54,5,4.2
EMP_0691,Финансы,Новосибирск,118323,92,4,2.4
EMP_0692,Финансы,Новосибирск,73816,94,3,4.6
EMP_0693,HR,Екатеринбург,90695,73,9,2.8
EMP_0694,Продажи,Новосибирск,200774,95,5,4.9
EMP_0695,Продажи,Новосибирск,206314,58,8,3.1
EMP_0696,Маркетинг,Новосибирск,105841,85,9,2.5
EMP_0697,HR,СПб,178498,56,5,3.1
EMP_0698,Маркетинг,Екатеринбург,248784,34,10,3.3
EMP_0699,Маркетинг,Новосибирск,157096,31,9,2.2
EMP_0700,Маркетинг,Екатеринбург,142764,52,2,3.7
EMP_0701,IT,Казань,234646,89,9,3.8
EMP_0702,IT,Казань,135744,76,11,4.2
EMP_0703,Маркетинг,Новосибирск,78482,1,4,2.1
EMP_0704,HR,Екатеринбург,59171,55,6,3.6
EMP_0705,Продажи,Екатеринбург,150755,22,6,2.2
EMP_0706,HR,Екатеринбург,158125,40,6,4.1
EMP_0707,Финансы,СПб,180722,1,2,2.2
EMP_0708,IT,Казань,156082,65,7,4.7
EMP_0709,Продажи,Екатеринбург,53696,63,13,4.1
EMP_0710,Продажи,Екатеринбург,176310,54,6,3.5
EMP_0711,Финансы,СПб,201130,42,11,3.3
EMP_0712,Финансы,СПб,201385,21,14,2.4
EMP_0713,Маркетинг,Екатеринбург,69149,79,1,2.9
EMP_0714,IT,Москва,180064,81,2,4.6
EMP_0715,IT,Екатеринбург,103521,22,7,4.7
EMP_0716,HR,Екатеринбург,95740,38,1,2.0
EMP_0717,Маркетинг,СПб,156611,99,1,3.8
EMP_0718,Маркетинг,СПб,186028,80,1,4.2
EMP_0719,Маркетинг,Екатеринбург,116641,8,8,3.9
EMP_0720,Маркетинг,Екатеринбург,113811,62,4,2.2
EMP_0721,IT,Екатеринбург,233232,47,4,2.7
EMP_0722,IT,СПб,232385,17,13,2.8
EMP_0723,Маркетинг,Екатеринбург,113232,17,2,4.5
EMP_0724,HR,Екатеринбург,65417,90,11,3.4
EMP_0725,Продажи,Новосибирск,205801,13,11,3.5
EMP_0726,Продажи,Москва,162492,17,11,4.8
EMP_0727,HR,Казань,80099,38,1,3.9
EMP_0728,Маркетинг,Москва,211033,81,12,4.7
EMP_0729,IT,Новосибирск,193674,78,10,3.4
EMP_0730,Продажи,Казань,168474,45,9,2.4
EMP_0731,Финансы,Екатеринбург,59256,6,7,4.8
EMP_0732,Финансы,Новосибирск,84681,35,4,3.4
EMP_0733,HR,Екатеринбург,141328,14,12,2.5
EMP_0734,Маркетинг,СПб,245861,72,6,2.9
EMP_0735,Продажи,Новосибирск,93361,61,14,2.2
EMP_0736,Маркетинг,СПб,245575,15,2,3.4
EMP_0737,Продажи,Новосибирск,84540,54,7,4.6
EMP_0738,HR,Новосибирск,207608,27,2,4.8
EMP_0739,HR,СПб,134700,13,10,4.8
EMP_0740,Финансы,Казань,244115,31,8,2.4
EMP_0741,Маркетинг,Москва,128532,35,8,3.1
EMP_0742,Финансы,Екатеринбург,237647,60,1,2.1
EMP_0743,Маркетинг,Новосибирск,177626,6,13,4.6
EMP_0744,Финансы,Екатеринбург,183943,69,8,3.1
EMP_0745,IT,СПб,96002,86,2,3.9
EMP_0746,IT,Екатеринбург,99812,58,6,4.1
EMP_0747,IT,СПб,203698,49,13,3.3
EMP_0748,IT,Екатеринбург,241051,23,1,2.9
EMP_0749,Продажи,Москва,158946,89,5,4.9
EMP_0750,IT,Москва,116668,34,11,4.9
EMP_0751,HR,Москва,149003,26,7,2.9
EMP_0752,HR,Москва,92998,47,13,3.4
EMP_0753,Продажи,Москва,244886,5,10,4.9
EMP_0754,IT,Москва,154601,90,1,2.0
EMP_0755,IT,СПб,226679,20,2,3.2
EMP_0756,IT,Новосибирск,57812,6,7,2.3
EMP_0757,Финансы,Екатеринбург,111844,70,6,3.5
EMP_0758,Маркетинг,Москва,183251,59,3,2.1
EMP_0759,Финансы,СПб,224870,64,14,3.2
EMP_0760,Маркетинг,СПб,124601,18,10,2.7
EMP_0761,IT,СПб,189347,4,2,3.6
EMP_0762,IT,Новосибирск,231646,17,10,5.0
EMP_0763,Финансы,Екатеринбург,97857,14,4,4.4
EMP_0764,Финансы,Новосибирск,175555,78,3,4.5
EMP_0765,Маркетинг,Казань,70700,13,7,3.9
EMP_0766,HR,СПб,220536,7,8,2.1
EMP_0767,Маркетинг,Казань,223423,44,2,2.6
EMP_0768,Финансы,Москва,143330,15,10,4.8
EMP_0769,Финансы,Москва,194941,19,7,3.1
EMP_0770,Продажи,Новосибирск,241387,63,8,2.3
EMP_0771,Финансы,Екатеринбург,202026,35,6,4.1
EMP_0772,Продажи,Казань,212627,81,6,2.9
EMP_0773,HR,Екатеринбург,113353,35,10,2.8
EMP_0774,Маркетинг,Новосибирск,226098,19,1,5.0
EMP_0775,Маркетинг,Москва,150772,20,4,4.6
EMP_0776,Продажи,Екатеринбург,228048,100,14,3.2
EMP_0777,Маркетинг,Екатеринбург,141502,35,1,4.9
EMP_0778,Финансы,Москва,163943,32,4,4.0
EMP_0779,IT,Казань,159850,48,2,4.2
EMP_0780,Продажи,Москва,95095,44,11,2.1
EMP_0781,Маркетинг,Екатеринбург,195342,24,13,2.4
EMP_0782,Продажи,Казань,211980,61,5,3.9
EMP_0783,Продажи,Казань,65523,17,10,4.7
EMP_0784,IT,Москва,112433,71,14,3.9
EMP_0785,Финансы,Екатеринбург,228140,50,9,2.4
EMP_0786,Продажи,Новосибирск,69991,65,11,2.3
EMP_0787,Маркетинг,Екатеринбург,60775,99,12,4.5
EMP_0788,HR,СПб,134995,32,10,2.4
EMP_0789,Продажи,Новосибирск,242322,36,3,3.6
EMP_0790,Продажи,Казань,197745,13,8,2.1
EMP_0791,IT,Новосибирск,172808,70,3,2.2
EMP_0792,Финансы,Казань,208128,58,6,4.0
EMP_0793,HR,Казань,187686,14,4,4.1
EMP_0794,Маркетинг,Новосибирск,57415,37,8,3.0
EMP_0795,HR,Казань,224956,79,11,2.6
EMP_0796,Маркетинг,Казань,198036,68,6,4.4
EMP_0797,Финансы,СПб,218798,40,8,2.7
EMP_0798,Маркетинг,Екатеринбург,87044,59,1,3.6
EMP_0799,IT,Екатеринбург,238221,80,6,4.9
EMP_0800,IT,СПб,218616,92,1,2.4
EMP_0801,IT,Новосибирск,99976,16,1,4.8
EMP_0802,IT,Москва,213324,62,8,2.5
EMP_0803,HR,Москва,53832,4,7,3.7
EMP_0804,Финансы,Москва,84148,45,3,3.1
EMP_0805,Маркетинг,СПб,242312,90,6,4.9
EMP_0806,Маркетинг,СПб,162230,28,9,2.8
EMP_0807,IT,Казань,135076,96,7,3.2
EMP_0808,IT,Москва,234531,66,12,4.9
EMP_0809,Продажи,Новосибирск,88402,31,3,3.6
EMP_0810,Финансы,Новосибирск,238799,3,14,3.5
EMP_0811,HR,Москва,88578,8,14,2.8
EMP_0812,Маркетинг,Москва,140453,24,13,4.1
EMP_0813,Продажи,Москва,203390,15,6,2.0
EMP_0814,Продажи,СПб,125715,43,11,2.1
EMP_0815,Маркетинг,СПб,161435,31,4,3.8
EMP_0816,HR,СПб,201538,73,14,3.0
EMP_0817,Продажи,Екатеринбург,145742,45,13,4.9
EMP_0818,Продажи,Новосибирск,95475,66,3,4.7
EMP_0819,Финансы,Новосибирск,110142,8,9,4.1
EMP_0820,HR,Казань,207636,71,10,4.5
EMP_0821,Продажи,СПб,203484,57,2,4.0
EMP_0822,HR,Екатеринбург,143526,80,1,2.4
EMP_0823,Маркетинг,Екатеринбург,101001,99,14,4.3
EMP_0824,IT,Новосибирск,107649,30,2,2.6
EMP_0825,Продажи,СПб,242029,74,7,3.0
EMP_0826,Финансы,Казань,216589,18,10,4.5
EMP_0827,Маркетинг,СПб,194228,69,1,3.6
EMP_0828,HR,Москва,204136,93,6,4.6
EMP_0829,Маркетинг,СПб,75711,39,14,2.6
EMP_0830,Продажи,Москва,80106,60,7,3.8
EMP_0831,HR,Москва,115458,98,9,2.3
EMP_0832,IT,Казань,197661,43,14,3.9
EMP_0833,Маркетинг,Новосибирск,180429,45,8,4.3
EMP_0834,Продажи,СПб,151754,23,6,3.8
EMP_0835,Финансы,Москва,188286,69,3,2.8
EMP_0836,HR,СПб,176479,94,8,2.1
EMP_0837,Маркетинг,Новосибирск,208199,6,7,2.4
EMP_0838,Маркетинг,Новосибирск,186213,56,3,3.9
EMP_0839,IT,Екатеринбург,78884,4,9,4.8
EMP_0840,IT,Новосибирск,52708,93,12,2.6
EMP_0841,Финансы,Казань,68375,23,2,4.2
EMP_0842,Финансы,Москва,65088,6,3,4.6
EMP_0843,Продажи,Екатеринбург,107615,32,2,3.6
EMP_0844,Продажи,Казань,160138,18,13,4.0
EMP_0845,Финансы,СПб,226118,15,1,4.4
EMP_0846,Финансы,Москва,60014,40,4,2.8
EMP_0847,HR,Новосибирск,245497,96,5,2.9
EMP_0848,IT,Москва,184345,73,13,2.0
EMP_0849,Продажи,СПб,228207,74,6,4.9
EMP_0850,IT,Екатеринбург,152842,84,5,4.8
EMP_0851,IT,Екатеринбург,211953,6,1,4.3
EMP_0852,Финансы,Екатеринбург,128077,63,3,2.2
EMP_0853,HR,Новосибирск,189784,67,1,3.3
EMP_0854,Маркетинг,Казань,102874,11,11,2.3
EMP_0855,HR,Казань,119087,43,5,2.0
EMP_0856,HR,Москва,62297,17,5,3.8
EMP_0857,IT,Новосибирск,77128,96,12,4.9
EMP_0858,HR,Екатеринбург,118368,4,11,4.7
EMP_0859,Продажи,Екатеринбург,128958,63,13,4.1
EMP_0860,IT,СПб,82920,68,6,2.3
EMP_0861,Продажи,СПб,192228,81,8,2.8
EMP_0862,Маркетинг,Екатеринбург,192180,41,10,3.0
EMP_0863,IT,Екатеринбург,212917,83,12,4.3
EMP_0864,Маркетинг,Новосибирск,183872,5,1,4.4
EMP_0865,IT,Казань,223784,32,4,3.2
EMP_0866,Финансы,СПб,183682,86,10,3.3
EMP_0867,HR,Казань,127603,70,11,2.1
EMP_0868,Финансы,Новосибирск,83872,35,1,2.9
EMP_0869,Маркетинг,Екатеринбург,60728,22,9,3.4
EMP_0870,HR,Казань,145102,65,11,2.4
EMP_0871,IT,Екатеринбург,172049,84,7,3.4
EMP_0872,HR,Екатеринбург,70583,22,7,4.6
EMP_0873,Продажи,Москва,135774,11,12,3.7
EMP_0874,HR,Казань,188335,77,5,2.2
EMP_0875,Продажи,Казань,176374,3,7,2.6
EMP_0876,HR,Екатеринбург,248522,9,12,3.4
EMP_0877,Продажи,Новосибирск,200528,60,2,3.1
EMP_0878,Маркетинг,Москва,141118,76,14,3.1
EMP_0879,Финансы,Екатеринбург,115942,87,13,3.6
EMP_0880,IT,СПб,63689,14,4,3.8
EMP_0881,HR,СПб,214006,97,14,4.4
EMP_0882,Финансы,Москва,83276,18,14,3.0
EMP_0883,IT,Новосибирск,151968,73,7,4.4
EMP_0884,IT,Екатеринбург,200945,23,3,3.0
EMP_0885,Продажи,Казань,63050,74,2,2.2
EMP_0886,Маркетинг,Москва,116216,83,10,3.7
EMP_0887,Маркетинг,Новосибирск,134040,47,2,3.8
EMP_0888,Финансы,Казань,71644,69,13,4.8
EMP_0889,Маркетинг,СПб,112021,47,1,4.2
EMP_0890,HR,СПб,218197,87,5,4.8
EMP_0891,Маркетинг,Казань,247971,30,12,4.7
EMP_0892,Финансы,Москва,92291,25,6,3.8
EMP_0893,Маркетинг,СПб,216132,28,6,3.6
EMP_0894,HR,Екатеринбург,182610,98,9,3.7
EMP_0895,Продажи,Казань,217248,25,4,4.9
EMP_0896,Финансы,Казань,91520,74,1,4.3
EMP_0897,Продажи,СПб,75675,78,6,2.3
EMP_0898,Продажи,Москва,199359,58,5,4.3
EMP_0899,Продажи,Екатеринбург,50174,94,10,2.5
EMP_0900,IT,Москва,142268,41,6,3.3
EMP_0901,IT,Новосибирск,84998,25,3,2.6
EMP_0902,Продажи,Новосибирск,234384,78,2,4.1
EMP_0903,Финансы,СПб,193184,99,6,4.6
EMP_0904,HR,СПб,155410,48,13,2.9
EMP_0905,HR,СПб,125225,98,1,2.2
EMP_0906,Маркетинг,Новосибирск,94814,10,7,2.9
EMP_0907,Финансы,Москва,135091,99,7,4.0
EMP_0908,IT,Москва,100719,75,10,3.0
EMP_0909,Продажи,СПб,179887,11,13,2.8
EMP_0910,Маркетинг,Екатеринбург,83919,85,7,2.6
EMP_0911,HR,Москва,123155,21,12,3.5
EMP_0912,IT,Новосибирск,121569,86,11,2.8
EMP_0913,IT,Казань,91328,45,10,4.2
EMP_0914,Продажи,Казань,74618,7,1,2.2
EMP_0915,HR,Казань,84675,81,4,4.0
EMP_0916,Финансы,Екатеринбург,68919,64,13,2.7
EMP_0917,IT,СПб,54173,64,7,3.5
EMP_0918,Продажи,Новосибирск,159369,2,11,2.9
EMP_0919,Финансы,Екатеринбург,76400,76,9,4.2
EMP_0920,HR,Новосибирск,231517,42,5,4.8
EMP_0921,IT,Новосибирск,120305,82,13,4.8
EMP_0922,Финансы,СПб,218636,54,2,3.8
EMP_0923,Финансы,Казань,226886,75,7,3.4
EMP_0924,Финансы,СПб,138791,16,10,4.5
EMP_0925,IT,Екатеринбург,209034,18,1,4.0
EMP_0926,IT,Екатеринбург,120533,99,7,2.6
EMP_0927,Маркетинг,Екатеринбург,237256,59,6,4.5
EMP_0928,HR,СПб,153591,90,7,3.3
EMP_0929,Продажи,Новосибирск,191650,16,14,2.6
EMP_0930,Финансы,Новосибирск,181060,6,13,2.8
EMP_0931,Маркетинг,Москва,199696,57,10,2.8
EMP_0932,Продажи,Екатеринбург,89194,47,3,3.6
EMP_0933,Маркетинг,Новосибирск,159903,48,3,2.7
EMP_0934,IT,Москва,181461,42,7,2.4
EMP_0935,Финансы,Новосибирск,149303,76,13,2.4
EMP_0936,Продажи,Екатеринбург,163903,60,2,3.7
EMP_0937,Продажи,Казань,117391,77,1,4.2
EMP_0938,Продажи,Екатеринбург,194866,4,9,3.0
EMP_0939,Продажи,СПб,108002,2,9,2.1
EMP_0940,Продажи,Новосибирск,85531,90,7,2.4
EMP_0941,Маркетинг,Новосибирск,233887,59,7,4.7
EMP_0942,Финансы,СПб,54986,27,3,3.5
EMP_0943,IT,СПб,82298,27,10,3.4
EMP_0944,IT,Казань,51481,79,2,2.1
EMP_0945,IT,Новосибирск,106408,72,11,4.2
EMP_0946,IT,Новосибирск,171950,7,7,3.6
EMP_0947,Маркетинг,Казань,197907,63,9,2.6
EMP_0948,HR,Москва,175355,46,1,2.3
EMP_0949,Финансы,Казань,77798,63,13,3.2
EMP_0950,Продажи,Екатеринбург,141649,12,14,4.5
EMP_0951,HR,Новосибирск,114887,13,4,4.6
EMP_0952,IT,СПб,69477,43,6,3.8
EMP_0953,HR,Екатеринбург,198338,17,7,4.2
EMP_0954,Финансы,Новосибирск,177815,63,10,2.3
EMP_0955,Продажи,Казань,224598,81,7,3.8
EMP_0956,Продажи,Екатеринбург,177426,36,10,4.0
EMP_0957,Финансы,Новосибирск,192961,85,2,2.6
EMP_0958,Финансы,Москва,74335,8,14,4.6
EMP_0959,IT,Москва,192326,69,4,2.6
EMP_0960,Продажи,СПб,136610,90,5,2.9
EMP_0961,HR,Новосибирск,61442,80,14,3.9
EMP_0962,Маркетинг,Москва,96289,36,12,3.9
EMP_0963,Маркетинг,Казань,103747,28,1,4.1
EMP_0964,Финансы,Новосибирск,87327,93,1,2.3
EMP_0965,IT,Казань,197271,47,10,4.5
EMP_0966,Маркетинг,Казань,122827,76,3,3.6
EMP_0967,Продажи,Москва,156464,30,10,3.4
EMP_0968,Финансы,Новосибирск,181184,23,3,4.9
EMP_0969,HR,Екатеринбург,137051,16,12,4.2
EMP_0970,Финансы,Москва,200653,14,8,2.4
EMP_0971,HR,Москва,109722,74,9,4.3
EMP_0972,Финансы,Новосибирск,142036,71,14,2.3
EMP_0973,Финансы,Новосибирск,197595,52,11,2.1
EMP_0974,Финансы,Казань,116960,37,12,3.2
EMP_0975,HR,Новосибирск,69552,29,1,5.0
EMP_0976,HR,Казань,191880,67,14,2.5
EMP_0977,Финансы,Москва,204692,15,11,4.0
EMP_0978,Маркетинг,СПб,50887,100,2,2.5
EMP_0979,IT,Екатеринбург,81802,47,10,4.2
EMP_0980,IT,Москва,135024,46,2,3.5
EMP_0981,IT,Новосибирск,168639,52,4,4.0
EMP_0982,HR,Екатеринбург,168248,19,2,2.6
EMP_0983,HR,СПб,131938,77,7,4.2
EMP_0984,Маркетинг,СПб,172746,21,13,5.0
EMP_0985,IT,Казань,76049,64,9,4.0
EMP_0986,IT,Екатеринбург,127789,37,7,3.5
EMP_0987,Финансы,Казань,134526,27,12,4.8
EMP_0988,HR,Москва,188918,55,6,2.0
EMP_0989,IT,Екатеринбург,96220,29,10,4.2
EMP_0990,Маркетинг,Москва,96163,20,1,4.7
EMP_0991,Маркетинг,Казань,184837,25,11,2.2
EMP_0992,IT,Екатеринбург,167126,70,10,3.4
EMP_0993,HR,Казань,131486,63,9,2.6
EMP_0994,Маркетинг,Екатеринбург,226342,36,5,3.7
EMP_0995,Финансы,Казань,125277,2,11,3.9
EMP_0996,Маркетинг,СПб,154245,22,5,2.9
EMP_0997,Продажи,Казань,172332,96,6,3.4
EMP_0998,Продажи,СПб,72931,16,9,2.8
EMP_0999,HR,Казань,139116,18,13,3.1
EMP_1000,IT,Екатеринбург,105633,69,8,2.5
EMP_1001,HR,Екатеринбург,101913,54,8,4.7
EMP_1002,HR,Екатеринбург,144776,100,14,2.0
EMP_1003,HR,Новосибирск,75991,30,8,4.6
EMP_1004,HR,Москва,235917,45,1,3.7
EMP_1005,Финансы,Екатеринбург,154092,19,1,3.0
EMP_1006,Финансы,СПб,236384,87,8,4.2
EMP_1007,Маркетинг,Екатеринбург,191633,34,5,3.5
EMP_1008,Продажи,Новосибирск,197973,13,9,3.5
EMP_1009,HR,СПб,145556,43,2,2.3
EMP_1010,Маркетинг,Новосибирск,112875,62,9,3.2
EMP_1011,Продажи,СПб,206989,93,12,2.7
EMP_1012,IT,Казань,112120,100,14,2.0
EMP_1013,Финансы,Москва,183060,22,8,3.1
EMP_1014,Продажи,Москва,160041,52,9,2.3
EMP_1015,IT,Новосибирск,178467,52,4,2.8
EMP_1016,Продажи,Москва,195328,36,1,2.3
EMP_1017,Финансы,Новосибирск,168490,73,1,2.3
EMP_1018,Финансы,Новосибирск,176155,19,5,2.6
EMP_1019,Маркетинг,Новосибирск,78230,38,2,5.0
EMP_1020,HR,Москва,109778,70,14,2.0
EMP_1021,Продажи,Новосибирск,95833,79,8,3.9
EMP_1022,Продажи,Москва,72625,57,10,2.4
EMP_1023,IT,Новосибирск,82088,20,11,4.8
EMP_1024,Финансы,Екатеринбург,222239,9,5,2.3
EMP_1025,Продажи,Новосибирск,153937,32,5,4.9
EMP_1026,Финансы,СПб,246375,4,2,3.8
EMP_1027,Продажи,Новосибирск,126361,50,7,2.0
EMP_1028,Маркетинг,Казань,138229,82,13,4.7
EMP_1029,HR,Новосибирск,185189,5,8,3.6
EMP_1030,Продажи,СПб,140265,20,10,2.8
EMP_1031,Финансы,СПб,147718,87,13,4.3
EMP_1032,Маркетинг,Москва,110710,75,1,4.8
EMP_1033,Продажи,Екатеринбург,144876,37,2,3.5
EMP_1034,IT,Новосибирск,248126,22,10,2.9
EMP_1035,HR,Москва,80949,58,4,4.4
EMP_1036,Продажи,Екатеринбург,203619,68,5,4.0
EMP_1037,Маркетинг,Новосибирск,118136,93,13,4.7
EMP_1038,IT,Казань,161541,44,2,4.1
EMP_1039,Маркетинг,Новосибирск,245691,34,1,2.7
EMP_1040,Маркетинг,СПб,111842,77,9,4.8
EMP_1041,IT,СПб,76990,42,14,2.3
EMP_1042,Маркетинг,Казань,197265,9,1,2.8
EMP_1043,IT,Москва,80109,95,13,3.6
EMP_1044,Продажи,Екатеринбург,180356,7,4,3.7
EMP_1045,IT,Новосибирск,200305,68,2,2.0
EMP_1046,IT,СПб,178133,19,11,4.3
EMP_1047,HR,Москва,215582,94,4,3.1
EMP_1048,IT,Казань,51306,31,8,3.2
EMP_1049,IT,СПб,53849,35,8,4.4
EMP_1050,Продажи,Казань,62360,57,11,3.1
EMP_1051,HR,Новосибирск,161072,85,12,2.1
EMP_1052,Финансы,Екатеринбург,144767,61,9,2.5
EMP_1053,Продажи,СПб,226872,31,13,4.9
EMP_1054,Продажи,СПб,218035,83,11,2.2
EMP_1055,Финансы,Новосибирск,104330,95,12,3.1
EMP_1056,IT,Москва,101707,53,5,3.5
EMP_1057,Маркетинг,Екатеринбург,68689,32,7,3.5
EMP_1058,HR,СПб,79084,66,3,2.0
EMP_1059,Маркетинг,Екатеринбург,90387,59,10,3.5
EMP_1060,Финансы,СПб,124816,10,4,3.2
EMP_1061,Продажи,Екатеринбург,52642,2,10,4.9
EMP_1062,Продажи,Казань,92137,66,9,2.5
EMP_1063,HR,СПб,236633,60,10,3.1
EMP_1064,Продажи,Екатеринбург,112260,88,10,3.3
EMP_1065,Продажи,Москва,196510,17,14,3.2
EMP_1066,HR,Казань,98442,96,12,4.0
EMP_1067,HR,Казань,153061,16,1,2.6
EMP_1068,Финансы,Москва,184066,16,2,2.7
EMP_1069,Продажи,Екатеринбург,175844,46,5,4.2
EMP_1070,Продажи,Новосибирск,149575,39,3,3.5
EMP_1071,Финансы,Москва,51813,31,2,3.2
EMP_1072,IT,Екатеринбург,143027,88,1,2.5
EMP_1073,IT,Москва,173489,1,10,2.6
EMP_1074,IT,Москва,134381,11,3,2.0
EMP_1075,Финансы,СПб,105276,85,1,2.3
EMP_1076,Продажи,Екатеринбург,91243,4,12,3.7
EMP_1077,Финансы,Новосибирск,243984,71,1,4.7
EMP_1078,Финансы,СПб,110272,26,12,2.9
EMP_1079,IT,Москва,223123,50,1,3.0
EMP_1080,Маркетинг,Москва,115618,12,8,2.3
EMP_1081,Продажи,Москва,51920,95,3,3.2
EMP_1082,IT,Екатеринбург,156121,81,11,2.1
EMP_1083,Маркетинг,Екатеринбург,126872,97,1,4.8
EMP_1084,Маркетинг,СПб,131132,75,7,4.0
EMP_1085,HR,Новосибирск,52093,92,10,5.0
EMP_1086,Продажи,СПб,62905,96,3,4.6
EMP_1087,Маркетинг,Казань,171759,65,8,3.4
EMP_1088,IT,Москва,205423,47,4,3.6
EMP_1089,HR,Москва,80981,92,4,2.6
EMP_1090,Продажи,Москва,123903,53,5,3.4
EMP_1091,Финансы,СПб,120821,71,6,4.7
EMP_1092,IT,СПб,159200,2,7,2.2
EMP_1093,Маркетинг,Москва,132289,24,14,4.6
EMP_1094,Маркетинг,СПб,166506,4,14,3.0
EMP_1095,IT,Екатеринбург,128513,19,4,4.7
EMP_1096,Маркетинг,Екатеринбург,200946,26,8,4.8
EMP_1097,HR,СПб,232003,75,13,4.0
EMP_1098,Продажи,Москва,188746,40,6,4.0
EMP_1099,HR,СПб,100516,50,14,3.4
EMP_1100,Маркетинг,СПб,241758,43,1,4.5
EMP_1101,Финансы,СПб,119212,75,1,4.9
EMP_1102,Продажи,Казань,183498,67,9,4.3
EMP_1103,Продажи,Екатеринбург,180970,12,10,3.9
EMP_1104,IT,Новосибирск,140009,67,6,3.8
EMP_1105,IT,Новосибирск,249570,27,10,4.5
EMP_1106,Финансы,Казань,211015,54,8,3.6
EMP_1107,Продажи,СПб,247467,66,13,4.4
EMP_1108,Финансы,Казань,94816,49,7,3.5
EMP_1109,IT,Казань,54138,16,12,2.2
EMP_1110,IT,Москва,141176,2,6,3.2
EMP_1111,Продажи,Екатеринбург,125945,60,4,3.3
EMP_1112,HR,Новосибирск,54017,54,7,2.4
EMP_1113,Маркетинг,СПб,60451,30,9,2.3
EMP_1114,IT,Новосибирск,244028,84,14,3.6
EMP_1115,IT,Новосибирск,143863,38,11,2.3
EMP_1116,HR,Екатеринбург,60278,28,10,2.9
EMP_1117,HR,Новосибирск,93764,25,10,4.2
EMP_1118,Финансы,Новосибирск,173030,96,14,4.9
EMP_1119,Финансы,Казань,182206,10,7,4.2
EMP_1120,Маркетинг,Екатеринбург,112943,60,1,5.0
EMP_1121,Маркетинг,Москва,145667,42,10,4.1
EMP_1122,Продажи,СПб,104318,40,9,2.9
EMP_1123,Финансы,Новосибирск,153423,97,13,4.0
EMP_1124,IT,СПб,153998,77,4,4.1
EMP_1125,Финансы,Москва,110128,42,3,3.1
EMP_1126,IT,СПб,71869,47,4,2.1
EMP_1127,HR,Москва,55039,37,4,4.1
EMP_1128,Финансы,Казань,202353,80,13,2.1
EMP_1129,HR,Новосибирск,162935,22,10,3.9
EMP_1130,Маркетинг,Москва,60442,57,11,2.5
EMP_1131,Маркетинг,СПб,123788,84,2,3.7
EMP_1132,Продажи,Новосибирск,169729,27,14,3.5
EMP_1133,Финансы,Казань,77586,41,12,2.0
EMP_1134,HR,Новосибирск,103053,80,14,3.1
EMP_1135,IT,Москва,231561,34,1,3.8
EMP_1136,Маркетинг,Казань,136346,32,12,4.5
EMP_1137,Маркетинг,СПб,117087,90,10,4.7
EMP_1138,IT,Казань,193697,89,12,3.5
EMP_1139,HR,Казань,84397,66,1,4.2
EMP_1140,HR,Екатеринбург,108671,12,13,2.9
EMP_1141,Финансы,Казань,166214,40,14,3.0
EMP_1142,Финансы,Казань,116897,73,8,2.6
EMP_1143,Продажи,Новосибирск,207221,76,14,3.7
EMP_1144,Маркетинг,СПб,241102,90,2,2.9
EMP_1145,Финансы,Новосибирск,186355,73,12,2.3
EMP_1146,HR,Новосибирск,188682,10,10,4.1
EMP_1147,IT,Москва,224398,96,5,4.1
EMP_1148,HR,Новосибирск,64924,98,12,3.1
EMP_1149,Маркетинг,Екатеринбург,163143,48,4,2.2
EMP_1150,HR,Екатеринбург,160253,20,8,3.3
EMP_1151,Продажи,Москва,150297,39,2,3.3
EMP_1152,Маркетинг,СПб,50869,60,10,4.0
EMP_1153,IT,СПб,147088,66,9,2.9
EMP_1154,Продажи,Новосибирск,51014,65,7,4.0
EMP_1155,Маркетинг,Новосибирск,60103,51,13,4.6
EMP_1156,IT,Новосибирск,160317,36,7,2.7
EMP_1157,Продажи,СПб,214530,24,1,4.9
EMP_1158,Продажи,Казань,132409,27,14,3.2
EMP_1159,Маркетинг,Екатеринбург,73248,2,12,2.8
EMP_1160,Финансы,Казань,224588,31,2,3.3
EMP_1161,Продажи,Казань,210133,57,4,2.3
EMP_1162,Продажи,СПб,205242,78,4,2.4
EMP_1163,IT,Казань,58024,66,11,3.2
EMP_1164,HR,Москва,135947,29,14,4.3
EMP_1165,Маркетинг,Новосибирск,224875,15,3,4.7
EMP_1166,Маркетинг,Москва,200368,12,7,4.0
EMP_1167,Финансы,Екатеринбург,141829,28,12,2.3
EMP_1168,Финансы,Новосибирск,142708,84,8,4.0
EMP_1169,Маркетинг,Казань,136664,24,2,3.9
EMP_1170,Финансы,Екатеринбург,199329,21,4,4.4
EMP_1171,IT,Новосибирск,193927,10,14,4.5
EMP_1172,Маркетинг,Казань,135178,78,3,4.6
EMP_1173,Финансы,Москва,151121,18,2,3.2
EMP_1174,Маркетинг,Новосибирск,70025,88,12,4.1
EMP_1175,HR,Казань,185530,14,13,2.8
EMP_1176,Продажи,Москва,113610,34,14,5.0
EMP_1177,Маркетинг,Екатеринбург,120843,58,6,2.5
EMP_1178,Продажи,Екатеринбург,157237,76,13,2.0
EMP_1179,Финансы,Екатеринбург,230903,22,4,2.4
EMP_1180,Продажи,Екатеринбург,224499,70,6,4.3
EMP_1181,Маркетинг,СПб,180299,36,2,3.3
EMP_1182,HR,Новосибирск,219578,45,12,3.3
EMP_1183,Финансы,Новосибирск,55668,36,4,4.9
EMP_1184,Маркетинг,СПб,228267,22,11,4.8
EMP_1185,Финансы,Казань,123233,78,6,2.9
EMP_1186,IT,Казань,205489,80,14,2.6
EMP_1187,Продажи,Екатеринбург,131982,61,5,4.5
EMP_1188,IT,Москва,156133,100,3,4.7
EMP_1189,Маркетинг,Казань,60751,56,8,3.6
EMP_1190,HR,Москва,96218,89,7,3.9
EMP_1191,Финансы,Новосибирск,176649,96,3,2.8
EMP_1192,Продажи,Москва,57352,33,6,4.4
EMP_1193,Финансы,Новосибирск,138835,45,4,3.9
EMP_1194,Маркетинг,СПб,147493,36,11,3.5
EMP_1195,Финансы,СПб,78927,20,5,2.2
EMP_1196,Продажи,Екатеринбург,222166,18,11,4.7
EMP_1197,Маркетинг,Казань,151948,38,5,3.8
EMP_1198,Финансы,Екатеринбург,235194,67,7,2.6
EMP_1199,HR,Новосибирск,79493,23,11,3.8
EMP_1200,Маркетинг,Екатеринбург,81707,96,5,4.0
EMP_1201,Маркетинг,Москва,249886,16,11,3.6
EMP_1202,HR,Новосибирск,188368,59,3,4.2
EMP_1203,IT,СПб,206470,69,10,3.7
EMP_1204,Продажи,Казань,85842,68,5,4.8
EMP_1205,IT,Новосибирск,63261,21,7,2.2
EMP_1206,Финансы,Новосибирск,126709,78,5,2.3
EMP_1207,HR,Москва,145985,95,5,2.5
EMP_1208,IT,Казань,156616,78,9,4.1
EMP_1209,Маркетинг,СПб,237776,70,3,3.9
EMP_1210,Финансы,Новосибирск,117173,12,13,4.7
EMP_1211,Финансы,Новосибирск,81781,16,6,4.2
EMP_1212,IT,Москва,63652,81,1,3.5
EMP_1213,IT,Екатеринбург,55103,87,10,5.0
EMP_1214,HR,СПб,75500,14,5,2.8
EMP_1215,Продажи,Казань,150336,61,8,4.5
EMP_1216,IT,Новосибирск,216601,71,5,3.3
EMP_1217,IT,Новосибирск,163499,46,9,3.9
EMP_1218,Маркетинг,СПб,199524,32,11,4.2
EMP_1219,Финансы,Екатеринбург,99393,15,6,3.9
EMP_1220,Продажи,Новосибирск,212246,44,8,2.4
EMP_1221,Маркетинг,СПб,245522,17,10,3.3
EMP_1222,HR,Москва,216508,41,8,3.7
EMP_1223,HR,Екатеринбург,97406,54,13,4.5
EMP_1224,IT,Казань,113059,44,3,3.3
EMP_1225,IT,Новосибирск,197026,98,7,4.8
EMP_1226,HR,СПб,132722,5,14,3.3
EMP_1227,IT,Москва,62356,27,7,3.6
EMP_1228,Продажи,Казань,178128,87,14,4.4
EMP_1229,IT,СПб,52187,78,10,3.7
EMP_1230,Финансы,СПб,127243,79,12,4.9
EMP_1231,IT,Казань,85098,43,6,4.0
EMP_1232,Маркетинг,Москва,202297,97,12,3.6
EMP_1233,Продажи,Москва,184678,31,7,2.1
EMP_1234,Маркетинг,Екатеринбург,107620,99,14,3.2
EMP_1235,Маркетинг,Новосибирск,213900,17,2,2.9
EMP_1236,Финансы,Казань,176270,92,9,4.2
EMP_1237,Продажи,Казань,207561,83,10,2.6
EMP_1238,Продажи,Казань,64387,54,10,2.6
EMP_1239,Продажи,Москва,119463,62,1,2.6
EMP_1240,Продажи,Новосибирск,183663,87,1,2.4
EMP_1241,Продажи,Екатеринбург,229588,32,3,2.9
EMP_1242,Финансы,СПб,141683,40,14,4.7
EMP_1243,IT,СПб,112061,13,3,4.3
EMP_1244,Маркетинг,Казань,247808,84,1,4.2
EMP_1245,Продажи,Новосибирск,131257,35,12,4.4
EMP_1246,IT,Москва,111753,5,7,2.8
EMP_1247,IT,Новосибирск,134774,73,4,4.7
EMP_1248,Маркетинг,Новосибирск,192159,29,10,2.4
EMP_1249,Финансы,Москва,211888,70,13,3.0
EMP_1250,HR,Казань,73408,25,2,3.8
EMP_1251,HR,Новосибирск,174116,95,10,2.3
EMP_1252,IT,СПб,181208,22,5,4.2
EMP_1253,Маркетинг,Москва,67413,66,6,3.2
EMP_1254,HR,Екатеринбург,163650,45,9,4.4
EMP_1255,IT,Казань,109500,69,4,3.5
EMP_1256,Финансы,Москва,134514,91,2,2.5
EMP_1257,HR,Екатеринбург,106358,89,5,4.2
EMP_1258,IT,Екатеринбург,116197,72,3,2.8
EMP_1259,IT,Новосибирск,213926,1,2,3.5
EMP_1260,Продажи,Новосибирск,126240,84,12,2.2
EMP_1261,Финансы,Новосибирск,66322,44,1,3.9
EMP_1262,Продажи,Москва,163053,87,10,4.0
EMP_1263,Маркетинг,Москва,56968,96,2,3.1
EMP_1264,Продажи,Казань,77518,75,6,4.9
EMP_1265,Продажи,Новосибирск,101925,39,8,4.6
EMP_1266,HR,Екатеринбург,240920,54,13,4.1
EMP_1267,IT,СПб,161900,88,3,4.1
EMP_1268,Финансы,Казань,143422,75,11,2.8
EMP_1269,Продажи,Москва,51700,29,9,4.0
EMP_1270,Финансы,Казань,143782,54,12,2.6
EMP_1271,Продажи,Казань,73199,90,9,2.4
EMP_1272,Маркетинг,Казань,225661,16,2,5.0
EMP_1273,Продажи,Казань,213187,99,8,3.9
EMP_1274,HR,СПб,243006,20,10,3.3
EMP_1275,IT,Новосибирск,235388,46,11,2.9
EMP_1276,Маркетинг,Екатеринбург,55520,67,12,3.8
EMP_1277,Продажи,Казань,159814,65,5,2.1
EMP_1278,Финансы,Казань,217527,58,4,2.3
EMP_1279,Маркетинг,Казань,173364,53,10,2.1
EMP_1280,Маркетинг,Новосибирск,222677,1,5,3.5
EMP_1281,Продажи,Москва,64955,81,4,3.8
EMP_1282,Маркетинг,Москва,225121,66,8,2.2
EMP_1283,Финансы,СПб,194989,29,4,4.2
EMP_1284,Маркетинг,Москва,114925,84,13,2.7
EMP_1285,Финансы,Казань,157216,70,10,4.1
EMP_1286,Продажи,Казань,120269,8,12,4.9
EMP_1287,IT,Казань,212026,29,13,4.1
EMP_1288,Маркетинг,СПб,91458,51,14,4.6
EMP_1289,IT,Казань,139037,33,6,4.8
EMP_1290,Финансы,Москва,202185,3,2,3.5
EMP_1291,Маркетинг,Новосибирск,149977,60,5,4.1
EMP_1292,HR,Новосибирск,93939,35,6,4.6
EMP_1293,IT,Екатеринбург,79345,69,5,3.1
EMP_1294,Маркетинг,Москва,227385,91,12,2.8
EMP_1295,IT,Казань,160107,76,2,4.8
EMP_1296,Маркетинг,Новосибирск,171866,84,14,4.2
EMP_1297,Продажи,Москва,119166,20,7,2.7
EMP_1298,IT,Новосибирск,228933,73,4,3.3
EMP_1299,HR,Казань,147406,39,8,4.4
EMP_1300,HR,Новосибирск,99298,4,7,3.6
EMP_1301,Финансы,Екатеринбург,228293,19,7,3.9
EMP_1302,Маркетинг,Екатеринбург,94942,91,9,4.3
EMP_1303,IT,Новосибирск,53453,45,1,3.9
EMP_1304,Финансы,Москва,152811,43,10,3.6
EMP_1305,IT,Москва,104935,13,6,4.2
EMP_1306,Маркетинг,Москва,172439,13,6,4.2
EMP_1307,HR,Новосибирск,224442,60,6,3.9
EMP_1308,Продажи,Москва,58328,57,13,3.1
EMP_1309,HR,Казань,65534,86,12,3.2
EMP_1310,Финансы,Екатеринбург,135280,92,6,4.9
EMP_1311,Продажи,Казань,86320,52,12,2.3
EMP_1312,Финансы,Москва,99170,53,10,2.8
EMP_1313,Маркетинг,Казань,150546,86,7,3.5
EMP_1314,Продажи,Москва,130201,43,14,4.5
EMP_1315,Финансы,Новосибирск,58640,83,10,2.5
EMP_1316,Маркетинг,Казань,211121,72,6,2.8
EMP_1317,HR,Новосибирск,186690,72,1,2.2
EMP_1318,Маркетинг,Новосибирск,237125,42,3,4.1
EMP_1319,IT,СПб,182992,90,2,2.7
EMP_1320,Маркетинг,Москва,93937,26,6,3.2
EMP_1321,Маркетинг,Екатеринбург,193279,23,8,3.3
EMP_1322,IT,Москва,246846,43,3,4.7
EMP_1323,Финансы,Екатеринбург,214044,77,10,3.2
EMP_1324,Финансы,Москва,191871,28,8,2.4
EMP_1325,Маркетинг,Новосибирск,209988,9,8,3.6
EMP_1326,IT,Казань,120463,20,5,4.9
EMP_1327,IT,Казань,143500,56,8,3.8
EMP_1328,HR,СПб,87158,83,6,5.0
EMP_1329,Финансы,Екатеринбург,134607,39,5,4.5
EMP_1330,Продажи,Екатеринбург,169639,51,9,2.1
EMP_1331,Финансы,Екатеринбург,121696,12,14,4.0
EMP_1332,Финансы,Новосибирск,111510,79,7,2.9
EMP_1333,HR,Екатеринбург,170076,95,8,3.7
EMP_1334,Продажи,Казань,108692,55,1,2.8
EMP_1335,HR,Новосибирск,180841,78,11,3.0
EMP_1336,Продажи,Москва,242816,11,2,4.8
EMP_1337,Маркетинг,Екатеринбург,65810,26,8,2.6
EMP_1338,Продажи,Екатеринбург,186198,42,12,4.6
EMP_1339,HR,Москва,211081,27,9,2.1
EMP_1340,Финансы,Екатеринбург,161718,11,4,2.3
EMP_1341,Продажи,Москва,140932,38,12,4.6
EMP_1342,Продажи,Новосибирск,50192,98,10,3.9
EMP_1343,IT,Казань,86413,43,11,4.2
EMP_1344,Финансы,Москва,193888,19,10,2.6
EMP_1345,Маркетинг,СПб,89082,64,14,3.6
EMP_1346,HR,Москва,115048,6,9,4.2
EMP_1347,Маркетинг,Екатеринбург,173130,46,4,3.9
EMP_1348,Финансы,Новосибирск,100940,42,10,3.4
EMP_1349,Продажи,Новосибирск,213202,92,10,4.9
EMP_1350,Продажи,Москва,90142,65,10,4.0
EMP_1351,Финансы,Казань,86468,99,9,4.7
EMP_1352,Продажи,СПб,211770,72,11,4.2
EMP_1353,Продажи,Новосибирск,191727,59,7,4.2
EMP_1354,Продажи,Екатеринбург,228969,52,2,2.2
EMP_1355,HR,Екатеринбург,211147,47,9,3.1
EMP_1356,HR,Казань,190431,7,4,4.6
EMP_1357,IT,Новосибирск,179048,11,8,2.7
EMP_1358,Маркетинг,Москва,92056,61,14,2.3
EMP_1359,Финансы,Екатеринбург,101831,68,7,3.0
EMP_1360,Финансы,Казань,109191,25,13,2.7
EMP_1361,Финансы,Новосибирск,171948,12,7,4.8
EMP_1362,IT,Новосибирск,214344,26,8,4.6
EMP_1363,HR,Новосибирск,158117,12,1,3.5
EMP_1364,IT,Новосибирск,64671,43,5,2.2
EMP_1365,Финансы,Новосибирск,77048,51,2,4.1
EMP_1366,Маркетинг,Екатеринбург,75963,37,2,3.9
EMP_1367,Продажи,Казань,93954,46,1,4.9
EMP_1368,HR,Новосибирск,145430,53,5,3.7
EMP_1369,HR,СПб,50717,88,2,3.0
EMP_1370,IT,СПб,61676,80,4,3.6
EMP_1371,HR,Казань,185506,13,3,4.9
EMP_1372,Финансы,Москва,230882,89,3,4.1
EMP_1373,Финансы,Москва,168696,54,2,4.0
EMP_1374,IT,Москва,180830,57,13,2.7
EMP_1375,Финансы,СПб,54994,4,6,4.2
EMP_1376,Маркетинг,Москва,54234,75,2,4.3
EMP_1377,IT,Екатеринбург,119300,96,14,3.0
EMP_1378,Маркетинг,Новосибирск,93949,49,14,3.5
EMP_1379,Продажи,СПб,87405,7,8,2.9
EMP_1380,Маркетинг,Казань,84872,11,8,2.8
EMP_1381,Продажи,Казань,92215,92,13,2.1
EMP_1382,Продажи,Новосибирск,73185,54,14,2.9
EMP_1383,Маркетинг,СПб,224514,87,12,3.7
EMP_1384,IT,Москва,232831,45,5,2.0
EMP_1385,Финансы,Москва,91153,23,10,2.8
EMP_1386,Финансы,Екатеринбург,127535,28,7,4.6
EMP_1387,Продажи,Екатеринбург,183653,57,4,3.8
EMP_1388,Продажи,Москва,101717,26,1,3.8
EMP_1389,IT,Казань,52763,25,11,3.2
EMP_1390,HR,Казань,142910,54,2,4.0
EMP_1391,Маркетинг,Екатеринбург,105480,29,10,2.6
EMP_1392,Продажи,Новосибирск,219831,83,10,4.5
EMP_1393,Финансы,Москва,168094,97,4,2.4
EMP_1394,IT,Екатеринбург,206379,36,1,4.0
EMP_1395,Маркетинг,Екатеринбург,61064,14,13,3.0
EMP_1396,IT,Москва,126848,78,8,4.2
EMP_1397,Маркетинг,Москва,87548,35,9,3.6
EMP_1398,Маркетинг,Казань,218017,30,4,3.4
EMP_1399,Продажи,Новосибирск,229009,92,10,2.5
EMP_1400,IT,Новосибирск,56476,17,3,3.9
EMP_1401,IT,Москва,232828,67,2,4.9
EMP_1402,Финансы,СПб,140101,80,5,4.5
EMP_1403,Финансы,Екатеринбург,52382,30,14,2.2
EMP_1404,Продажи,Екатеринбург,230755,93,3,3.1
EMP_1405,Продажи,Москва,226348,45,10,4.8
EMP_1406,HR,СПб,214474,79,7,3.5
EMP_1407,Финансы,Казань,208018,89,11,4.0
EMP_1408,Маркетинг,Москва,129698,51,6,4.7
EMP_1409,IT,Москва,203407,47,1,4.6
EMP_1410,Продажи,Екатеринбург,95095,53,12,3.5
EMP_1411,IT,Москва,179974,64,8,3.3
EMP_1412,IT,Москва,77197,38,2,3.0
EMP_1413,HR,Москва,177619,64,5,4.2
EMP_1414,Финансы,Екатеринбург,72010,87,9,2.9
EMP_1415,Продажи,Казань,205195,89,8,2.7
EMP_1416,IT,Казань,137923,7,2,3.1
EMP_1417,Продажи,Москва,183962,22,9,2.5
EMP_1418,Маркетинг,Екатеринбург,180526,81,5,4.1
EMP_1419,HR,Казань,159162,82,10,3.8
EMP_1420,Маркетинг,Казань,170927,41,14,3.4
EMP_1421,Продажи,Казань,58026,74,6,3.2
EMP_1422,Продажи,Екатеринбург,114925,10,13,4.7
EMP_1423,Финансы,Екатеринбург,118842,57,3,2.1
EMP_1424,IT,Москва,83665,7,13,4.3
EMP_1425,IT,Новосибирск,59277,50,3,4.7
EMP_1426,Маркетинг,Казань,223311,91,10,3.3
EMP_1427,HR,Новосибирск,228736,52,8,3.7
EMP_1428,IT,Екатеринбург,98008,33,11,4.8
EMP_1429,Финансы,Екатеринбург,64683,1,10,2.6
EMP_1430,Маркетинг,Екатеринбург,181742,53,10,3.6
EMP_1431,Маркетинг,Новосибирск,198961,60,12,3.4
EMP_1432,Финансы,Екатеринбург,236684,34,2,2.8
EMP_1433,HR,Москва,225607,4,11,4.5
EMP_1434,Финансы,Екатеринбург,128542,17,12,4.7
EMP_1435,HR,СПб,104319,4,12,4.3
EMP_1436,Финансы,Новосибирск,142067,43,2,2.6
EMP_1437,Финансы,СПб,202711,90,13,2.3
EMP_1438,Продажи,Екатеринбург,245784,4,5,3.8
EMP_1439,Маркетинг,Москва,197705,1,6,2.2
EMP_1440,Финансы,Казань,215732,71,12,4.0
EMP_1441,Финансы,Екатеринбург,118975,94,2,3.6
EMP_1442,IT,Москва,213244,50,5,4.0
EMP_1443,Маркетинг,Новосибирск,240269,73,7,3.8
EMP_1444,IT,СПб,151158,61,10,3.3
EMP_1445,Маркетинг,СПб,239919,35,10,2.6
EMP_1446,IT,СПб,61577,8,8,2.9
EMP_1447,Финансы,Новосибирск,127299,24,12,3.6
EMP_1448,Финансы,Москва,70176,83,7,4.0
EMP_1449,Продажи,Новосибирск,225458,36,8,4.3
EMP_1450,IT,СПб,113972,50,14,4.3
EMP_1451,HR,Екатеринбург,170018,43,12,4.9
EMP_1452,Продажи,Казань,222075,27,9,2.9
EMP_1453,IT,Новосибирск,69996,32,5,2.2
EMP_1454,IT,Новосибирск,150922,78,13,3.0
EMP_1455,Продажи,Москва,136598,18,5,4.2
EMP_1456,Финансы,Москва,85931,28,11,3.3
EMP_1457,IT,Новосибирск,174168,29,10,4.5
EMP_1458,Финансы,СПб,216782,16,4,3.6
EMP_1459,Продажи,Казань,173099,99,13,4.8
EMP_1460,Финансы,Москва,84693,47,9,4.8
EMP_1461,Маркетинг,СПб,216812,59,5,2.2
EMP_1462,HR,Екатеринбург,158944,31,14,3.4
EMP_1463,IT,Москва,67374,4,2,3.8
EMP_1464,HR,СПб,131471,37,10,2.8
EMP_1465,Финансы,СПб,95913,17,8,3.2
EMP_1466,IT,Казань,173683,39,7,4.0
EMP_1467,Финансы,Казань,247097,48,8,2.7
EMP_1468,Маркетинг,Екатеринбург,94516,46,12,3.8
EMP_1469,Продажи,СПб,137796,90,3,4.1
EMP_1470,IT,СПб,76069,48,4,2.3
EMP_1471,Маркетинг,Казань,168333,39,5,3.5
EMP_1472,Маркетинг,Москва,237305,4,6,2.8
EMP_1473,IT,Москва,134811,30,1,4.2
EMP_1474,Финансы,Новосибирск,240121,30,4,2.6
EMP_1475,Маркетинг,Казань,168028,22,11,4.7
EMP_1476,HR,Новосибирск,89178,75,12,3.3
EMP_1477,Маркетинг,Казань,82821,66,10,2.6
EMP_1478,Финансы,Екатеринбург,232799,12,13,3.3
EMP_1479,Финансы,СПб,242007,94,5,3.2
EMP_1480,HR,Екатеринбург,66999,36,7,3.3
EMP_1481,Маркетинг,Казань,243594,18,13,3.8
EMP_1482,Финансы,СПб,88712,90,5,3.6
EMP_1483,IT,Москва,245623,53,13,2.4
EMP_1484,Продажи,Москва,221244,71,13,2.2
EMP_1485,Продажи,Новосибирск,83722,1,1,4.2
EMP_1486,Продажи,Казань,60625,58,11,3.7
EMP_1487,Маркетинг,Казань,248237,90,7,3.1
EMP_1488,HR,Москва,56859,87,8,4.4
EMP_1489,Финансы,Екатеринбург,222681,90,13,3.2
EMP_1490,IT,СПб,224379,6,7,4.4
EMP_1491,IT,Екатеринбург,160986,70,11,2.9
EMP_1492,Маркетинг,Екатеринбург,71839,44,14,2.2
EMP_1493,Продажи,Москва,77216,72,13,4.8
EMP_1494,Маркетинг,Москва,102953,24,4,3.2
EMP_1495,HR,Москва,241665,86,8,4.4
EMP_1496,HR,Новосибирск,99522,19,5,2.8
EMP_1497,Финансы,Екатеринбург,185958,18,10,3.9
EMP_1498,Финансы,Казань,161249,95,9,4.6
EMP_1499,HR,СПб,57485,30,12,2.1
EMP_1500,HR,Новосибирск,212527,42,12,4.5
